,id,lastName,age,worth 2019 in BUSD,position
0,2813,bezos,54.0,112.0,1.0
1,8910,gates,62.0,90.0,2.0
2,3919,buffett,87.0,84.0,3.0
3,6449,arnault,69.0,72.0,4.0
4,5032,zuckerberg,1985.0,71.0,5.0
5,2009,ortega,82.0,70.0,6.0
6,9178,slim helu,78.0,67.1,7.0
7,5544,koch,82.0,60.0,8.0
8,4633,koch,78.0,60.0,9.0
9,6377,ellison,73.0,58.5,10.0
10,5851,bloomberg,76.0,50.0,11.0
11,7158,page,45.0,48.8,12.0
12,2156,brin,44.0,47.5,13.0
13,8858,walton,70.0,46.4,14.0
14,6659,walton,73.0,46.2,15.0
15,9703,walton,68.0,46.0,16.0
16,8608,ma,46.0,45.3,17.0
17,6364,bettencourt meyers,64.0,42.2,18.0
18,5930,ambani,61.0,40.1,19.0
19,1667,ma,53.0,39.0,20.0
20,2012,adelson,84.0,38.5,21.0
21,6721,ballmer,62.0,38.4,22.0
22,3049,li,90.0,34.9,23.0
23,8322,hui,59.0,30.3,24.0
24,6056,lee,90.0,30.3,25.0
25,8832,wang,63.0,30.0,26.0
26,1180,albrecht jr.,66.0,29.8,27.0
27,5673,knight,80.0,29.6,28.0
28,1087,lemann,78.0,27.4,29.0
29,7043,pinault,81.0,27.0,30.0
30,2562,schaeffler,53.0,25.3,31.0
31,8071,klatten,56.0,25.0,32.0
32,7629,thomson,61.0,25.0,33.0
33,3767,mars,78.0,23.6,34.0
34,6354,mars,82.0,23.6,35.0
35,5711,safra,79.0,23.5,36.0
36,9235,ferrero,53.0,23.0,37.0
37,5064,mateschitz,74.0,23.0,38.0
38,2035,dell,53.0,22.7,39.0
39,8356,son,60.0,22.7,40.0
40,7653,dassault,93.0,22.6,41.0
41,8390,quandt,52.0,22.0,42.0
42,1906,yang,1983.0,21.9,43.0
43,2985,allen,65.0,21.7,44.0
44,5784,del vecchio,83.0,21.2,45.0
45,7421,schwarz,78.0,20.9,46.0
46,6567,peterffy,73.0,20.3,47.0
47,5336,albrecht,67.0,20.2,48.0
48,3768,blavatnik,61.0,20.2,49.0
49,7596,he,75.0,20.1,50.0
50,1051,lui,89.0,20.1,51.0
51,2076,simons,80.0,20.0,52.0
52,6053,sy,93.0,20.0,53.0
53,5272,musk,46.0,19.9,54.0
54,5073,hinduja,,19.5,55.0
55,5864,yanai,69.0,19.5,56.0
56,3945,lisin,62.0,19.1,57.0
57,1114,powell jobs,54.0,18.8,58.0
58,1921,premji,72.0,18.8,59.0
59,7905,mordashov,52.0,18.7,60.0
60,5579,lee,76.0,18.6,61.0
61,9326,mittal,68.0,18.5,62.0
62,1165,wang,48.0,18.2,63.0
63,8175,mikhelson,62.0,18.0,64.0
64,2488,sirivadhanabhakdi,74.0,17.9,65.0
65,4689,mistry,89.0,17.8,66.0
66,3937,dalio,68.0,17.7,67.0
67,7790,takizaki,73.0,17.5,68.0
68,1396,ding,46.0,17.4,69.0
69,6353,hartono,77.0,17.4,70.0
70,3385,rinehart,64.0,17.4,71.0
71,2093,larrea mota velasco,64.0,17.3,72.0
72,2353,icahn,82.0,16.8,73.0
73,2395,persson,70.0,16.8,74.0
74,6181,hartono,78.0,16.7,75.0
75,3045,lau,66.0,16.7,76.0
76,1708,kwok,,16.5,77.0
77,6036,alekperov,67.0,16.4,78.0
78,3509,ratcliffe,65.0,16.4,79.0
79,3626,bren,86.0,16.3,80.0
80,6935,fontbona,75.0,16.3,81.0
81,7228,timchenko,65.0,16.0,82.0
82,2222,johnson,56.0,15.9,83.0
83,1585,potanin,57.0,15.9,84.0
84,2632,walton,1988.0,15.9,85.0
85,3643,de carvalho-heineken,63.0,15.8,86.0
86,1609,zhang,46.0,15.6,87.0
87,2099,kellner,54.0,15.5,88.0
88,6217,melnichenko,46.0,15.5,89.0
89,4697,reuben,,15.5,90.0
90,1715,kuehne,81.0,15.3,91.0
91,3625,li,55.0,15.3,92.0
92,9768,fridman,54.0,15.1,93.0
93,8572,murdoch,87.0,15.0,94.0
94,7820,chearavanont,79.0,14.9,95.0
95,2100,kuok,94.0,14.8,96.0
96,7041,besnier,47.0,14.7,97.0
97,4088,nadar,72.0,14.6,98.0
98,4967,vekselberg,61.0,14.4,99.0
99,7116,dangote,61.0,14.1,100.0
100,7536,hamm,72.0,14.1,101.0
101,3508,cohen,62.0,14.0,102.0
102,2248,moskovitz,1985.0,14.0,103.0
103,1892,telles,68.0,14.0,104.0
104,6931,wuerth,83.0,13.6,105.0
105,1759,ergen,65.0,13.4,106.0
106,9194,schmidt,63.0,13.4,107.0
107,8409,anschutz,78.0,13.0,108.0
108,3998,kennedy,70.0,13.0,109.0
109,4656,parry-okeden,68.0,13.0,110.0
110,3038,wertheimer,69.0,13.0,111.0
111,7815,wertheimer,67.0,13.0,112.0
112,4889,lauder,81.0,12.9,113.0
113,8609,thiele,77.0,12.9,114.0
114,2326,shanghvi,62.0,12.8,115.0
115,8690,plattner,74.0,12.7,116.0
116,4710,schwarzman,71.0,12.6,117.0
117,5750,lei,48.0,12.5,118.0
118,2270,rausing,92.0,12.5,119.0
119,2243,usmanov,64.0,12.5,120.0
120,8871,newhouse,88.0,12.3,121.0
121,4954,woo,71.0,12.2,122.0
122,9934,sarmiento,85.0,12.1,123.0
123,4418,li,49.0,12.0,124.0
124,5350,sicupira,70.0,12.0,125.0
125,5432,seo,60.0,11.9,126.0
126,4898,birla,51.0,11.8,127.0
127,4696,otto,50.0,11.8,128.0
128,7042,pessina,77.0,11.8,129.0
129,3954,tschira,,11.7,130.0
130,7986,wang,50.0,11.7,131.0
131,2538,beal,65.0,11.6,132.0
132,5433,lee,88.0,11.6,133.0
133,7153,menard,78.0,11.5,134.0
134,4973,xu,60.0,11.3,135.0
135,1633,zhou,47.0,11.3,136.0
136,9696,gong,53.0,11.2,137.0
137,5691,otto,75.0,11.0,138.0
138,6943,tepper,60.0,11.0,139.0
139,2211,abramovich,51.0,10.8,140.0
140,3864,liu,43.0,10.8,141.0
141,3347,ng,,10.8,142.0
142,7367,bailleres gonzalez,86.0,10.7,143.0
143,5357,kotak,59.0,10.7,144.0
144,1583,omidyar,51.0,10.5,145.0
145,6467,droege,65.0,10.3,146.0
146,2668,hopp,78.0,10.2,147.0
147,1159,hart,63.0,10.1,148.0
148,5166,saverin,1983.0,10.1,149.0
149,4831,yan,45.0,10.1,150.0
150,2755,damani,63.0,10.0,151.0
151,7048,khan,56.0,9.8,152.0
152,5937,perelman,75.0,9.8,153.0
153,4505,adani,56.0,9.7,154.0
154,3715,arison,68.0,9.7,155.0
155,4928,pan,48.0,9.7,156.0
156,6077,tsai,54.0,9.7,157.0
157,1934,frist,79.0,9.6,158.0
158,1415,prokhorov,53.0,9.6,159.0
159,4188,weston,77.0,9.5,160.0
160,6591,zong,72.0,9.5,161.0
161,3597,ofer,68.0,9.4,162.0
162,5152,schwab,80.0,9.4,163.0
163,6691,aponte,77.0,9.3,164.0
164,2990,kohler,79.0,9.3,165.0
165,7299,rashnikov,69.0,9.3,166.0
166,8770,triguboff,85.0,9.2,167.0
167,4575,von finck,88.0,9.2,168.0
168,1809,yao,48.0,9.2,169.0
169,7847,koum,42.0,9.1,170.0
170,9641,poonawalla,77.0,9.1,171.0
171,5242,goodnight,75.0,9.0,172.0
172,3226,griffin,49.0,9.0,173.0
173,5972,armani,83.0,8.9,174.0
174,1620,bertarelli,52.0,8.9,175.0
175,1488,jindal,68.0,8.8,176.0
176,1834,mittal,60.0,8.8,177.0
177,1480,chambers,61.0,8.7,178.0
178,3030,rayner,73.0,8.7,179.0
179,2741,taylor,76.0,8.7,180.0
180,2400,gou,67.0,8.5,181.0
181,3142,moore,89.0,8.5,182.0
182,3329,irving,90.0,8.3,183.0
183,3690,kroenke,70.0,8.3,184.0
184,2332,schorling,71.0,8.2,185.0
185,1098,graf,71.0,8.1,186.0
186,7073,guo,51.0,8.1,187.0
187,8001,malone,77.0,8.1,188.0
188,1083,niel,50.0,8.1,189.0
189,5788,berlusconi,81.0,8.0,190.0
190,1210,cook,55.0,8.0,191.0
191,7843,geffen,75.0,8.0,192.0
192,8048,hui,67.0,8.0,193.0
193,3556,kwok,67.0,8.0,194.0
194,1694,soros,87.0,8.0,195.0
195,4700,johnson,87.0,7.9,196.0
196,7196,landini aleotti,75.0,7.9,197.0
197,7500,duffield,77.0,7.8,198.0
198,8691,kaiser,75.0,7.8,199.0
199,5891,soon-shiong,65.0,7.8,200.0
200,5310,zhou,48.0,7.8,201.0
201,6608,oppenheimer,73.0,7.7,202.0
202,4366,sun,59.0,7.7,203.0
203,4115,wu,54.0,7.7,204.0
204,8733,kuzmichev,55.0,7.6,205.0
205,3893,ross,78.0,7.6,206.0
206,7255,bollore,66.0,7.4,207.0
207,3461,keinath,84.0,7.4,208.0
208,6708,lee,50.0,7.4,209.0
209,3239,povlsen,45.0,7.4,210.0
210,1426,broad,85.0,7.3,211.0
211,7979,kadoorie,76.0,7.3,212.0
212,3516,makhmudov,54.0,7.3,213.0
213,4630,paulsen,67.0,7.3,214.0
214,9724,sun,55.0,7.3,215.0
215,1046,walton,69.0,7.3,216.0
216,4473,khan,67.0,7.2,217.0
217,5997,krishnan,80.0,7.2,218.0
218,5462,perrodo,67.0,7.2,219.0
219,1720,quek,76.0,7.2,220.0
220,5825,wang,51.0,7.2,221.0
221,9631,doerr,66.0,7.1,222.0
222,6528,drahi,54.0,7.1,223.0
223,7874,gonda de rivera,,7.1,224.0
224,5741,liebherr,,7.1,225.0
225,9752,salinas pliego,62.0,7.1,226.0
226,7597,suh,55.0,7.1,227.0
227,9392,chu,60.0,7.0,228.0
228,5980,fredriksen,73.0,7.0,229.0
229,4335,goh,91.0,7.0,230.0
230,6203,lohia,65.0,7.0,231.0
231,4599,lu,65.0,7.0,232.0
232,9210,rausing,58.0,7.0,233.0
233,7558,rupert,68.0,7.0,234.0
234,2269,saade,81.0,7.0,235.0
235,5499,wu,62.0,7.0,236.0
236,3102,fedun,62.0,6.9,237.0
237,1808,kim,50.0,6.9,238.0
238,1780,ortega mera,49.0,6.9,239.0
239,4218,pattison,89.0,6.9,240.0
240,4403,platt,50.0,6.9,241.0
241,2616,chan,77.0,6.8,242.0
242,7083,green,76.0,6.8,243.0
243,2328,meijer,,6.8,244.0
244,4131,rybolovlev,51.0,6.8,245.0
245,4855,tsai,61.0,6.8,246.0
246,2170,von bechtolsheim,62.0,6.8,247.0
247,8652,deripaska,50.0,6.7,248.0
248,3160,liu,70.0,6.7,249.0
249,2109,merckle,53.0,6.7,250.0
250,1009,acton,46.0,6.6,251.0
251,1697,grayken,62.0,6.6,252.0
252,7947,kroenke,69.0,6.6,253.0
253,4838,perfetti,,6.6,254.0
254,6779,rausing,63.0,6.6,255.0
255,3162,rausing,66.0,6.6,256.0
256,1251,reitan,66.0,6.6,257.0
257,5461,sawiris,57.0,6.6,258.0
258,9576,wee,89.0,6.6,259.0
259,1560,wobben,66.0,6.6,260.0
260,5404,black,66.0,6.5,261.0
261,9740,glasenberg,61.0,6.5,262.0
262,4890,paulson,62.0,6.5,263.0
263,5385,wei,54.0,6.5,264.0
264,7344,choi,70.0,6.4,265.0
265,7941,haub,85.0,6.4,266.0
266,8031,jiang,45.0,6.4,267.0
267,5708,kerimov,52.0,6.4,268.0
268,3980,livingstone,,6.4,269.0
269,4216,pang,62.0,6.4,270.0
270,4662,shaw,67.0,6.4,271.0
271,1970,singh,86.0,6.4,272.0
272,8129,sobrato,79.0,6.4,273.0
273,9084,balkrishna,45.0,6.3,274.0
274,7462,fielmann,78.0,6.3,275.0
275,3313,gilbert,56.0,6.3,276.0
276,5848,johnson,74.0,6.3,277.0
277,7111,lal,76.0,6.3,278.0
278,9271,mori,81.0,6.3,279.0
279,4295,schaeffler-thumann,76.0,6.3,280.0
280,9016,frere,92.0,6.2,281.0
281,9585,kinder,73.0,6.2,282.0
282,2774,kraft,77.0,6.2,283.0
283,4345,lauren,78.0,6.2,284.0
284,5028,schroder,85.0,6.2,285.0
285,3185,wadia,74.0,6.2,286.0
286,5838,bellon,88.0,6.1,287.0
287,8027,wexner,80.0,6.1,288.0
288,8944,bangur,87.0,6.0,289.0
289,2052,cheriton,67.0,6.0,290.0
290,5337,ma,54.0,6.0,291.0
291,7886,macmillan,88.0,6.0,292.0
292,1291,olsson,71.0,6.0,293.0
293,4966,sehgal,61.0,6.0,294.0
294,7164,teh,88.0,6.0,295.0
295,3460,al ghurair,,5.9,296.0
296,7035,aramburuzabala,55.0,5.9,297.0
297,7976,dommermuth,54.0,5.9,298.0
298,8872,lowy,87.0,5.9,299.0
299,8976,marguerre,77.0,5.9,300.0
300,7751,mars,53.0,5.9,301.0
301,5665,mars,57.0,5.9,302.0
302,6050,mars,59.0,5.9,303.0
303,6929,mars,61.0,5.9,304.0
304,6342,barclay,84.0,5.8,305.0
305,6915,gokongwei,91.0,5.8,306.0
306,1299,kwon,44.0,5.8,307.0
307,2710,laurie,67.0,5.8,308.0
308,1962,lin,81.0,5.8,309.0
309,9003,love,81.0,5.8,310.0
310,5524,rowling,64.0,5.8,311.0
311,5329,washington,83.0,5.8,312.0
312,1003,yao,53.0,5.8,313.0
313,6204,zhang,55.0,5.8,314.0
314,7408,beckmann vidal,78.0,5.7,315.0
315,8406,sun,66.0,5.7,316.0
316,8348,tu,76.0,5.7,317.0
317,1124,viessmann,64.0,5.7,318.0
318,9672,wertheimer,91.0,5.7,319.0
319,8477,wyss,83.0,5.7,320.0
320,8689,dyson,71.0,5.6,321.0
321,5749,graff,80.0,5.6,322.0
322,8710,huang,55.0,5.6,323.0
323,2993,johnson,85.0,5.6,324.0
324,8643,jones,75.0,5.6,325.0
325,9636,kei,52.0,5.6,326.0
326,5732,kwee,,5.6,327.0
327,1883,lee,79.0,5.6,328.0
328,4724,lefrak,72.0,5.6,329.0
329,4523,nagamori,73.0,5.6,330.0
330,9440,rales,67.0,5.6,331.0
331,4618,springer,75.0,5.6,332.0
332,6100,yeung,54.0,5.6,333.0
333,1152,akhmetov,51.0,5.5,334.0
334,9344,arison,60.0,5.5,335.0
335,1419,avara,54.0,5.5,336.0
336,1674,blocher,42.0,5.5,337.0
337,4553,currie,62.0,5.5,338.0
338,7553,duncan,1984.0,5.5,339.0
339,7736,frantz,48.0,5.5,340.0
340,3435,hendricks,71.0,5.5,341.0
341,5996,martullo-blocher,49.0,5.5,342.0
342,4904,mikitani,53.0,5.5,343.0
343,6065,newell,55.0,5.5,344.0
344,9504,pan,55.0,5.5,345.0
345,6046,pratt,58.0,5.5,346.0
346,7247,reece,61.0,5.5,347.0
347,9728,williams,56.0,5.5,348.0
348,9373,zhang,38.0,5.5,349.0
349,4138,zhang,71.0,5.5,350.0
350,7223,besnier,51.0,5.4,351.0
351,1115,besnier beauvalot,1982.0,5.4,352.0
352,6960,devos,92.0,5.4,353.0
353,1643,herz,74.0,5.4,354.0
354,5601,herz,67.0,5.4,355.0
355,5251,kristiansen,70.0,5.4,356.0
356,8995,kristiansen,42.0,5.4,357.0
357,7301,kristiansen,,5.4,358.0
358,6617,lam,,5.4,359.0
359,5978,lin,62.0,5.4,360.0
360,9166,louis-dreyfus,56.0,5.4,361.0
361,4486,roberts,74.0,5.4,362.0
362,9142,roski,79.0,5.4,363.0
363,7636,thinggaard,,5.4,364.0
364,4315,adenuga,65.0,5.3,365.0
365,4688,davis,75.0,5.3,366.0
366,9342,filo,52.0,5.3,367.0
367,8986,ho,55.0,5.3,368.0
368,8955,kravis,74.0,5.3,369.0
369,5855,saputo,81.0,5.3,370.0
370,4235,xu,83.0,5.3,371.0
371,6157,abramov,59.0,5.2,372.0
372,9353,englander,69.0,5.2,373.0
373,2159,goldschmeding,84.0,5.2,374.0
374,9977,ilitch,85.0,5.2,375.0
375,8311,kovner,73.0,5.2,376.0
376,4741,lucas,74.0,5.2,377.0
377,4513,maran,52.0,5.2,378.0
378,1277,mohn,77.0,5.2,379.0
379,6205,rich,77.0,5.2,380.0
380,6128,wang,52.0,5.2,381.0
381,3228,amorim,83.0,5.1,382.0
382,8875,aven,63.0,5.1,383.0
383,5078,marcus,89.0,5.1,384.0
384,7950,moreira salles,58.0,5.1,385.0
385,2387,smith,73.0,5.1,386.0
386,6465,stryker,64.0,5.1,387.0
387,6645,branson,67.0,5.0,388.0
388,6346,chandra,67.0,5.0,389.0
389,1294,coates,50.0,5.0,390.0
390,5748,ingram,82.0,5.0,391.0
391,5185,law,70.0,5.0,392.0
392,9528,lewis,81.0,5.0,393.0
393,9600,meister,70.0,5.0,394.0
394,8082,moreira salles,72.0,5.0,395.0
395,2895,moreira salles,56.0,5.0,396.0
396,4282,moreira salles junior,62.0,5.0,397.0
397,5596,patel,65.0,5.0,398.0
398,2925,pritzker,60.0,5.0,399.0
399,6318,schmidheiny,72.0,5.0,400.0
400,5276,srivaddhanaprabha,60.0,5.0,401.0
401,1100,takahara,87.0,5.0,402.0
402,2237,yusuff ali,62.0,5.0,403.0
403,2518,bass,70.0,4.9,404.0
404,4778,benioff,53.0,4.9,405.0
405,8869,bouygues,,4.9,406.0
406,1307,chung,80.0,4.9,407.0
407,6246,dolan,91.0,4.9,408.0
408,5020,hunt,75.0,4.9,409.0
409,5681,liu,66.0,4.9,410.0
410,5810,overdeck,48.0,4.9,411.0
411,3309,piramal,62.0,4.9,412.0
412,3401,razon,58.0,4.9,413.0
413,2263,redstone,95.0,4.9,414.0
414,3653,rocca,,4.9,415.0
415,6315,schmieding,63.0,4.9,416.0
416,4399,siegel,56.0,4.9,417.0
417,3541,skoch,52.0,4.9,418.0
418,6244,yu,57.0,4.9,419.0
419,9076,zell,76.0,4.9,420.0
420,6290,zhou,58.0,4.9,421.0
421,3439,bajaj,,4.8,422.0
422,9750,camp,39.0,4.8,423.0
423,2022,cathy,64.0,4.8,424.0
424,2587,cathy,65.0,4.8,425.0
425,1442,fu,50.0,4.8,426.0
426,9782,green,66.0,4.8,427.0
427,5482,gutseriev,60.0,4.8,428.0
428,6186,johnson,77.0,4.8,429.0
429,3158,kalanick,41.0,4.8,430.0
430,4192,kozitsyn,58.0,4.8,431.0
431,6351,paulmann,83.0,4.8,432.0
432,4692,ponce lerou,72.0,4.8,433.0
433,8180,rees-jones,66.0,4.8,434.0
434,3376,scheinberg,44.0,4.8,435.0
435,4140,skoll,53.0,4.8,436.0
436,2460,ulker,59.0,4.8,437.0
437,3371,ziff,46.0,4.8,438.0
438,8193,ziff,54.0,4.8,439.0
439,8732,ziff,51.0,4.8,440.0
440,7459,blickle,71.0,4.7,441.0
441,6765,broermann,74.0,4.7,442.0
442,2350,calder,71.0,4.7,443.0
443,4730,druckenmiller,65.0,4.7,444.0
444,4464,lerner,92.0,4.7,445.0
445,5381,li,61.0,4.7,446.0
446,4612,lim,66.0,4.7,447.0
447,5932,louis-hansen,70.0,4.7,448.0
448,3190,lundberg,66.0,4.7,449.0
449,1757,meyer,56.0,4.7,450.0
450,5075,reyes,64.0,4.7,451.0
451,4668,reyes,62.0,4.7,452.0
452,7044,schoerghuber,59.0,4.7,453.0
453,8628,solow,89.0,4.7,454.0
454,9307,tan,83.0,4.7,455.0
455,7749,al futtaim,,4.6,456.0
456,8080,babis,63.0,4.6,457.0
457,8803,bertarelli,50.0,4.6,458.0
458,1615,cai,55.0,4.6,459.0
459,3450,ivanishvili,62.0,4.6,460.0
460,3896,jacobs,78.0,4.6,461.0
461,5632,larsen,58.0,4.6,462.0
462,5903,lee,76.0,4.6,463.0
463,7774,liang,61.0,4.6,464.0
464,1212,o'brien,60.0,4.6,465.0
465,1897,bhatia,,4.5,466.0
466,4653,cayard,75.0,4.5,467.0
467,8959,chey,57.0,4.5,468.0
468,7007,fang,44.0,4.5,469.0
469,8667,guriev,58.0,4.5,470.0
470,1825,hult,77.0,4.5,471.0
471,7222,ji,50.0,4.5,472.0
472,6030,jones,63.0,4.5,473.0
473,8705,miller,85.0,4.5,474.0
474,2230,popov,46.0,4.5,475.0
475,2576,roig,68.0,4.5,476.0
476,2094,sall,70.0,4.5,477.0
477,5786,stern,80.0,4.5,478.0
478,6234,ye,74.0,4.5,479.0
479,2939,bamford,72.0,4.4,480.0
480,5086,chu,58.0,4.4,481.0
481,4745,escotet,58.0,4.4,482.0
482,4676,fluxa rossello,79.0,4.4,483.0
483,8326,forrest,56.0,4.4,484.0
484,2713,gauselmann,83.0,4.4,485.0
485,5074,gustavson,56.0,4.4,486.0
486,2643,jagtiani,66.0,4.4,487.0
487,3483,johannson,51.0,4.4,488.0
488,4635,li,51.0,4.4,489.0
489,1278,morris,70.0,4.4,490.0
490,3876,mueller,78.0,4.4,491.0
491,2136,nitori,74.0,4.4,492.0
492,9164,reimann,65.0,4.4,493.0
493,2534,reimann-andersen,53.0,4.4,494.0
494,1523,reimann-andersen,54.0,4.4,495.0
495,4292,reimann-haas,66.0,4.4,496.0
496,6856,smith,55.0,4.4,497.0
497,8557,weiner,48.0,4.4,498.0
498,6810,arango,92.0,4.3,499.0
499,5507,bajaj,80.0,4.3,500.0
500,3310,blickle,70.0,4.3,501.0
501,9287,commisso,68.0,4.3,502.0
502,9163,de'longhi,79.0,4.3,503.0
503,8896,fertitta,60.0,4.3,504.0
504,7318,kirsh,86.0,4.3,505.0
505,3855,pegula,67.0,4.3,506.0
506,4110,pera,40.0,4.3,507.0
507,5656,rollins,73.0,4.3,508.0
508,4935,rollins,86.0,4.3,509.0
509,9325,santo domingo,41.0,4.3,510.0
510,4062,santo domingo,40.0,4.3,511.0
511,6862,vuong,49.0,4.3,512.0
512,7184,wang,69.0,4.3,513.0
513,1547,bisciotti,58.0,4.2,514.0
514,5290,cargill,67.0,4.2,515.0
515,1958,cargill,69.0,4.2,516.0
516,6692,emmerson,89.0,4.2,517.0
517,4576,herlin,61.0,4.2,518.0
518,2192,jiaravanon,83.0,4.2,519.0
519,6990,larsen,69.0,4.2,520.0
520,9117,liebmann,64.0,4.2,521.0
521,1651,murphy,1990.0,4.2,522.0
522,9286,olenicoff,75.0,4.2,523.0
523,6386,scott,87.0,4.2,524.0
524,8426,spangler,86.0,4.2,525.0
525,1792,wang,54.0,4.2,526.0
526,3104,bennet,66.0,4.1,527.0
527,3099,blank,75.0,4.1,528.0
528,1073,chiaravanont,88.0,4.1,529.0
529,4383,dangermond,72.0,4.1,530.0
530,6911,fan,51.0,4.1,531.0
531,7520,gandel,83.0,4.1,532.0
532,9145,jannard,69.0,4.1,533.0
533,8651,jiaravanont,87.0,4.1,534.0
534,6707,lee,79.0,4.1,535.0
535,6846,munjal,64.0,4.1,536.0
536,5136,oberwelland,51.0,4.1,537.0
537,3197,packer,50.0,4.1,538.0
538,6976,perlmutter,75.0,4.1,539.0
539,8947,perot,87.0,4.1,540.0
540,4176,pieper,72.0,4.1,541.0
541,5228,pritzker,68.0,4.1,542.0
542,6859,robertson,85.0,4.1,543.0
543,9051,rosso,62.0,4.1,544.0
544,1348,sajwani,65.0,4.1,545.0
545,1567,shigeta,53.0,4.1,546.0
546,1722,spiegel,1991.0,4.1,547.0
547,5639,wang,45.0,4.1,548.0
548,9634,warren,62.0,4.1,549.0
549,3811,ashkenazy,48.0,4.0,550.0
550,9240,bechtolsheimer-kipp,,4.0,551.0
551,1600,braun,40.0,4.0,552.0
552,5281,che,51.0,4.0,553.0
553,2425,dolby,76.0,4.0,554.0
554,4837,engelhorn,91.0,4.0,555.0
555,6871,friedkin,53.0,4.0,556.0
556,1085,galitsky,50.0,4.0,557.0
557,7697,huang,66.0,4.0,558.0
558,6952,ilicak,50.0,4.0,559.0
559,2206,lauder,74.0,4.0,560.0
560,8597,leclercq,79.0,4.0,561.0
561,5221,moritz,63.0,4.0,562.0
562,4378,rebrab,74.0,4.0,563.0
563,4768,sawiris,64.0,4.0,564.0
564,4303,schulze,77.0,4.0,565.0
565,7392,shetty,76.0,4.0,566.0
566,8708,sutton,58.0,4.0,567.0
567,4511,tan caktiong,65.0,4.0,568.0
568,7540,yu,52.0,4.0,569.0
569,2635,zhang,70.0,4.0,570.0
570,7660,zhang,1985.0,4.0,571.0
571,5233,bahwan,79.0,3.9,572.0
572,8270,caruso,59.0,3.9,573.0
573,6792,gores,53.0,3.9,574.0
574,5138,hargreaves,71.0,3.9,575.0
575,5146,herz,64.0,3.9,576.0
576,2492,herz,77.0,3.9,577.0
577,1795,ito,94.0,3.9,578.0
578,7530,lam,69.0,3.9,579.0
579,7993,mehta,,3.9,580.0
580,2734,pillai,64.0,3.9,581.0
581,5137,resnick,,3.9,582.0
582,7924,speyer,78.0,3.9,583.0
583,1389,stine,76.0,3.9,584.0
584,1225,ty,85.0,3.9,585.0
585,1508,udvar-hazy,72.0,3.9,586.0
586,2531,zeller,61.0,3.9,587.0
587,9810,blecharczyk,1984.0,3.8,588.0
588,3558,burda,78.0,3.8,589.0
589,9467,chen,60.0,3.8,590.0
590,9710,chesky,1983.0,3.8,591.0
591,1520,douglas,80.0,3.8,592.0
592,7091,gebbia,1983.0,3.8,593.0
593,8304,gilgan,67.0,3.8,594.0
594,3170,greene,63.0,3.8,595.0
595,3856,jiang,63.0,3.8,596.0
596,7062,kulczyk,,3.8,597.0
597,2918,li,52.0,3.8,598.0
598,7732,mcnair,81.0,3.8,599.0
599,9080,miki,62.0,3.8,600.0
600,5536,otto-bernstein,,3.8,601.0
601,1533,rennert,84.0,3.8,602.0
602,4307,samueli,63.0,3.8,603.0
603,6947,zeng,52.0,3.8,604.0
604,1658,zhang,46.0,3.8,605.0
605,2311,caporella,82.0,3.7,606.0
606,1810,cuban,59.0,3.7,607.0
607,6498,fisher,67.0,3.7,608.0
608,6855,gilinski bacal,60.0,3.7,609.0
609,7682,halvorsen,57.0,3.7,610.0
610,6784,johnson,60.0,3.7,611.0
611,6312,johnson,87.0,3.7,612.0
612,7262,johnson,63.0,3.7,613.0
613,3245,johnson-leipold,61.0,3.7,614.0
614,9536,johnson-marquart,59.0,3.7,615.0
615,3319,kantor,64.0,3.7,616.0
616,5626,karapetyan,52.0,3.7,617.0
617,2434,ladreit de lacharriere,77.0,3.7,618.0
618,1782,leong,57.0,3.7,619.0
619,4917,li,46.0,3.7,620.0
620,7946,lodha,62.0,3.7,621.0
621,1622,milken,71.0,3.7,622.0
622,3463,milner,56.0,3.7,623.0
623,2431,struengmann,68.0,3.7,624.0
624,3217,struengmann,68.0,3.7,625.0
625,7346,tse,66.0,3.7,626.0
626,5910,tshuva,69.0,3.7,627.0
627,3410,yin,67.0,3.7,628.0
628,7245,ashley,53.0,3.6,629.0
629,8606,cao,60.0,3.6,630.0
630,9860,hildebrand,59.0,3.6,631.0
631,5307,jiang,64.0,3.6,632.0
632,6168,johnson,53.0,3.6,633.0
633,5904,johnson,55.0,3.6,634.0
634,9345,kellogg,75.0,3.6,635.0
635,2806,lim,78.0,3.6,636.0
636,7767,loh,71.0,3.6,637.0
637,1900,mazumdar-shaw,65.0,3.6,638.0
638,7415,ofer,62.0,3.6,639.0
639,1221,patel,74.0,3.6,640.0
640,5324,qin,53.0,3.6,641.0
641,3827,qiu,66.0,3.6,642.0
642,9833,ratanavadi,52.0,3.6,643.0
643,8357,riney,72.0,3.6,644.0
644,8479,spielberg,71.0,3.6,645.0
645,7925,volkmann,,3.6,646.0
646,9492,wilhelmsen,88.0,3.6,647.0
647,1710,xu,73.0,3.6,648.0
648,8400,zhang,65.0,3.6,649.0
649,1826,zhang,52.0,3.6,650.0
650,4094,zucker,66.0,3.6,651.0
651,4178,benetton,74.0,3.5,652.0
652,3348,benetton,77.0,3.5,653.0
653,8064,benetton,80.0,3.5,654.0
654,9375,benetton,83.0,3.5,655.0
655,7377,chen,52.0,3.5,656.0
656,3629,dhingra,,3.5,657.0
657,1441,diniz,81.0,3.5,658.0
658,1774,ecclestone,87.0,3.5,659.0
659,1644,faulkner,74.0,3.5,660.0
660,1365,gao,66.0,3.5,661.0
661,3612,harris,53.0,3.5,662.0
662,8076,irving,88.0,3.5,663.0
663,3913,kalyani,69.0,3.5,664.0
664,9571,kamenshchik,50.0,3.5,665.0
665,7152,leone,60.0,3.5,666.0
666,1416,leong,66.0,3.5,667.0
667,8441,milchan,73.0,3.5,668.0
668,9387,otto,,3.5,669.0
669,6448,pritzker,57.0,3.5,670.0
670,2950,pritzker,53.0,3.5,671.0
671,2053,rales,61.0,3.5,672.0
672,9558,rokke,59.0,3.5,673.0
673,7655,saul,86.0,3.5,674.0
674,6197,sterling,84.0,3.5,675.0
675,2252,tahir,66.0,3.5,676.0
676,9908,tanjung,56.0,3.5,677.0
677,9651,toennies,62.0,3.5,678.0
678,1992,ahunai,51.0,3.4,679.0
679,3440,altushkin,47.0,3.4,680.0
680,8522,bechtel,66.0,3.4,681.0
681,4087,bechtel,93.0,3.4,682.0
682,2396,cannon-brookes,38.0,3.4,683.0
683,8447,del pino y calvo-sotelo,59.0,3.4,684.0
684,6824,del valle ruiz,79.0,3.4,685.0
685,9094,farquhar,38.0,3.4,686.0
686,9924,fox,81.0,3.4,687.0
687,7149,haslam,64.0,3.4,688.0
688,7853,horten,77.0,3.4,689.0
689,3250,kao,69.0,3.4,690.0
690,3227,ma,48.0,3.4,691.0
691,5066,maag,72.0,3.4,692.0
692,3311,ponomarenko,53.0,3.4,693.0
693,3995,rodriguez-pastor,59.0,3.4,694.0
694,8457,ruia,,3.4,695.0
695,4608,sagi,46.0,3.4,696.0
696,7639,shani,63.0,3.4,697.0
697,8236,skorobogatko,50.0,3.4,698.0
698,6174,sun,55.0,3.4,699.0
699,3100,tong liu,69.0,3.4,700.0
700,5537,villar mir,86.0,3.4,701.0
701,5389,wynn,76.0,3.4,702.0
702,1619,agarwal,64.0,3.3,703.0
703,7148,al futtaim,,3.3,704.0
704,3599,arnold,44.0,3.3,705.0
705,7908,bass,76.0,3.3,706.0
706,3695,bouchard,69.0,3.3,707.0
707,3141,brown,83.0,3.3,708.0
708,4824,chaiyawan,86.0,3.3,709.0
709,8627,chen,70.0,3.3,710.0
710,7901,cohen,66.0,3.3,711.0
711,4833,dani,75.0,3.3,712.0
712,2554,gangwal,64.0,3.3,713.0
713,1991,hoffman,50.0,3.3,714.0
714,7835,hostetter,81.0,3.3,715.0
715,3251,iliev,51.0,3.3,716.0
716,9770,ji,51.0,3.3,717.0
717,6946,langone,82.0,3.3,718.0
718,5733,li,61.0,3.3,719.0
719,5061,lindemann,82.0,3.3,720.0
720,8650,liu,54.0,3.3,721.0
721,9405,luo,62.0,3.3,722.0
722,4490,malone,68.0,3.3,723.0
723,5325,nicholas,58.0,3.3,724.0
724,9776,nisanov,46.0,3.3,725.0
725,9131,stryker,62.0,3.3,726.0
726,6421,svetakov,50.0,3.3,727.0
727,1200,wild,77.0,3.3,728.0
728,7743,bauer,41.0,3.2,729.0
729,6184,bertelli,72.0,3.2,730.0
730,4195,bluhm,80.0,3.2,731.0
731,4892,cherng,,3.2,732.0
732,4874,cook,65.0,3.2,733.0
733,6405,cooperman,75.0,3.2,734.0
734,2908,dejoria,74.0,3.2,735.0
735,3662,ebner,72.0,3.2,736.0
736,1948,faria,63.0,3.2,737.0
737,9646,gehlaut,44.0,3.2,738.0
738,1454,golisano,76.0,3.2,739.0
739,9597,happel,70.0,3.2,740.0
740,6019,jiang,51.0,3.2,741.0
741,5377,komarek,49.0,3.2,742.0
742,7755,krieger,70.0,3.2,743.0
743,1105,kulibaev,51.0,3.2,744.0
744,6285,kulibaeva,50.0,3.2,745.0
745,6740,latsis,71.0,3.2,746.0
746,9332,loeb,56.0,3.2,747.0
747,3687,luo,92.0,3.2,748.0
748,2670,mcaulay,82.0,3.2,749.0
749,9834,merieux,80.0,3.2,750.0
750,2946,naeder,56.0,3.2,751.0
751,2674,nie,42.0,3.2,752.0
752,1021,och,57.0,3.2,753.0
753,5060,prada,69.0,3.2,754.0
754,9918,rowan,55.0,3.2,755.0
755,1237,saban,73.0,3.2,756.0
756,4259,saieh bendeck,68.0,3.2,757.0
757,4839,schmidt-ruthenbeck,75.0,3.2,758.0
758,9533,schusterman,79.0,3.2,759.0
759,3779,shoen,67.0,3.2,760.0
760,2041,solowow,55.0,3.2,761.0
761,3978,tsai,62.0,3.2,762.0
762,8549,tsai,61.0,3.2,763.0
763,7703,wang,1982.0,3.2,764.0
764,2161,whitman,61.0,3.2,765.0
765,5471,catsimatidis,69.0,3.1,766.0
766,6154,chang,62.0,3.1,767.0
767,2754,cheng,54.0,3.1,768.0
768,9808,diller,76.0,3.1,769.0
769,2008,dorsey,41.0,3.1,770.0
770,1554,gabay,52.0,3.1,771.0
771,2831,goldman,75.0,3.1,772.0
772,7151,goldman,62.0,3.1,773.0
773,9627,goldman fowler,64.0,3.1,774.0
774,8113,katz,56.0,3.1,775.0
775,9122,kemper,72.0,3.1,776.0
776,7099,kim,57.0,3.1,777.0
777,2502,lai,47.0,3.1,778.0
778,8126,lao hernandez,74.0,3.1,779.0
779,6291,leprino,80.0,3.1,780.0
780,4646,liang,50.0,3.1,781.0
781,3322,morris,63.0,3.1,782.0
782,7737,nguyen,48.0,3.1,783.0
783,8124,raheja,64.0,3.1,784.0
784,2606,ren,61.0,3.1,785.0
785,6144,sands,67.0,3.1,786.0
786,8954,stokes,77.0,3.1,787.0
787,5985,trump,72.0,3.1,788.0
788,1634,wadhwani,70.0,3.1,789.0
789,6261,wang,64.0,3.1,790.0
790,5225,asness,51.0,3.0,791.0
791,8840,beaufour,54.0,3.0,792.0
792,2281,beaufour,53.0,3.0,793.0
793,6679,benson,90.0,3.0,794.0
794,6959,breyer,56.0,3.0,795.0
795,2231,bulgheroni,73.0,3.0,796.0
796,5374,chudgar,84.0,3.0,797.0
797,5244,doris,77.0,3.0,798.0
798,4136,frias,55.0,3.0,799.0
799,7955,gapontsev,79.0,3.0,800.0
800,6274,haefner,64.0,3.0,801.0
801,3164,hohn,51.0,3.0,802.0
802,5270,hunt,86.0,3.0,803.0
803,3806,jhunjhunwala,57.0,3.0,804.0
804,4369,lu,55.0,3.0,805.0
805,7335,middleton,63.0,3.0,806.0
806,3519,okada,75.0,3.0,807.0
807,7948,perez,68.0,3.0,808.0
808,6783,prasarttong-osoth,85.0,3.0,809.0
809,2373,pritzker,55.0,3.0,810.0
810,1738,riady,89.0,3.0,811.0
811,1833,rotenberg,66.0,3.0,812.0
812,8401,rubin,45.0,3.0,813.0
813,6543,sands,60.0,3.0,814.0
814,7021,simon,83.0,3.0,815.0
815,2361,toennies,40.0,3.0,816.0
816,2458,villar,68.0,3.0,817.0
817,2780,vultaggio,66.0,3.0,818.0
818,3302,wang,56.0,3.0,819.0
819,4947,wu,48.0,3.0,820.0
820,8375,xie,48.0,3.0,821.0
821,9540,bundrant,76.0,2.9,822.0
822,7433,cai,65.0,2.9,823.0
823,4428,calderon rojas,,2.9,824.0
824,5627,chang,74.0,2.9,825.0
825,3889,crishna-godrej,67.0,2.9,826.0
826,1785,ding,47.0,2.9,827.0
827,8544,feng,57.0,2.9,828.0
828,5976,ford,73.0,2.9,829.0
829,5456,foriel-destezet,82.0,2.9,830.0
830,8133,godrej,76.0,2.9,831.0
831,9217,godrej,69.0,2.9,832.0
832,9013,godrej,67.0,2.9,833.0
833,1238,grendys,56.0,2.9,834.0
834,3975,im brahm-droege,63.0,2.9,835.0
835,4119,ke,63.0,2.9,836.0
836,4780,kirk,64.0,2.9,837.0
837,7549,koplowitz,64.0,2.9,838.0
838,9566,kwek,77.0,2.9,839.0
839,8491,le duff,71.0,2.9,840.0
840,9690,maezawa,42.0,2.9,841.0
841,8917,mantegazza,90.0,2.9,842.0
842,6704,melchers,80.0,2.9,843.0
843,2498,mueller,85.0,2.9,844.0
844,6827,naoroji,66.0,2.9,845.0
845,3280,ozyegin,73.0,2.9,846.0
846,1058,pangestu,74.0,2.9,847.0
847,8263,rothschild,63.0,2.9,848.0
848,1460,siebel,65.0,2.9,849.0
849,1122,singer,73.0,2.9,850.0
850,9422,sonnenberg,84.0,2.9,851.0
851,2114,stryker,60.0,2.9,852.0
852,2187,stumpf,45.0,2.9,853.0
853,7916,tsai,65.0,2.9,854.0
854,9496,viola,62.0,2.9,855.0
855,3171,vitek,47.0,2.9,856.0
856,2679,wang,51.0,2.9,857.0
857,9759,wang,53.0,2.9,858.0
858,7542,ardila lülle,88.0,2.8,859.0
859,2062,conway,68.0,2.8,860.0
860,6355,d'aniello,71.0,2.8,861.0
861,2050,davis,58.0,2.8,862.0
862,9954,ding,54.0,2.8,863.0
863,3741,dorrance,74.0,2.8,864.0
864,9916,fisher,86.0,2.8,865.0
865,4989,fisher,57.0,2.8,866.0
866,6095,hagen kjos,1985.0,2.8,867.0
867,2174,hoang,73.0,2.8,868.0
868,5320,huang,67.0,2.8,869.0
869,3584,huizenga,80.0,2.8,870.0
870,5753,kibar,47.0,2.8,871.0
871,7431,lohia,59.0,2.8,872.0
872,3763,mikati,73.0,2.8,873.0
873,9835,niarchos,64.0,2.8,874.0
874,4241,olsson,69.0,2.8,875.0
875,2444,piñera,68.0,2.8,876.0
876,9859,pritzker,59.0,2.8,877.0
877,6694,puech,75.0,2.8,878.0
878,5262,raheja,77.0,2.8,879.0
879,8799,rubenstein,68.0,2.8,880.0
880,7342,shi,55.0,2.8,881.0
881,7005,solorz-zak,61.0,2.8,882.0
882,7291,tung,76.0,2.8,883.0
883,1178,walter,58.0,2.8,884.0
884,1400,wrigley,54.0,2.8,885.0
885,1801,zuckerman,81.0,2.8,886.0
886,8252,altrad,70.0,2.7,887.0
887,8523,ambani,59.0,2.7,888.0
888,4321,angelini rossi,69.0,2.7,889.0
889,6224,bin butti al qebaisi,,2.7,890.0
890,8704,chen,60.0,2.7,891.0
891,2447,davis,76.0,2.7,892.0
892,1347,debartolo,71.0,2.7,893.0
893,2706,dorrance,72.0,2.7,894.0
894,4333,eurnekian,85.0,2.7,895.0
895,2909,ferrari,73.0,2.7,896.0
896,7225,geminder,53.0,2.7,897.0
897,4215,gu,68.0,2.7,898.0
898,3312,hankey,75.0,2.7,899.0
899,7810,hastings,57.0,2.7,900.0
900,3304,huang,58.0,2.7,901.0
901,8077,irsay,59.0,2.7,902.0
902,7478,kim,52.0,2.7,903.0
903,2331,kucuk,55.0,2.7,904.0
904,8980,mansour,70.0,2.7,905.0
905,8671,mikati,62.0,2.7,906.0
906,2484,moraes,86.0,2.7,907.0
907,5667,parsons,67.0,2.7,908.0
908,2033,ratanarak,72.0,2.7,909.0
909,2406,revoredo,71.0,2.7,910.0
910,2075,ruffin,83.0,2.7,911.0
911,1767,schultz,64.0,2.7,912.0
912,2268,shoen,68.0,2.7,913.0
913,5495,straumann,54.0,2.7,914.0
914,7758,stroll,58.0,2.7,915.0
915,9346,tan,65.0,2.7,916.0
916,8225,tsai,,2.7,917.0
917,8429,vandersloot,69.0,2.7,918.0
918,1392,veronesi,58.0,2.7,919.0
919,4356,warner,73.0,2.7,920.0
920,6657,winfrey,64.0,2.7,921.0
921,1161,zhang,56.0,2.7,922.0
922,2591,zuo,47.0,2.7,923.0
923,5294,abello,76.0,2.6,924.0
924,5183,arsel,89.0,2.6,925.0
925,1314,bang,50.0,2.6,926.0
926,2779,bekker,65.0,2.6,927.0
927,9230,bonderman,75.0,2.6,928.0
928,9987,caltagirone,75.0,2.6,929.0
929,6655,caudwell,65.0,2.6,930.0
930,3792,chen,57.0,2.6,931.0
931,4447,chung,47.0,2.6,932.0
932,5091,dos santos,45.0,2.6,933.0
933,2260,fong,93.0,2.6,934.0
934,9893,frost,81.0,2.6,935.0
935,6269,helmig,71.0,2.6,936.0
936,9692,hughes,84.0,2.6,937.0
937,8686,kretinsky,42.0,2.6,938.0
938,1732,kumar & kishin rk,64.0,2.6,939.0
939,1525,lam,54.0,2.6,940.0
940,1790,lau,82.0,2.6,941.0
941,9058,mandel,62.0,2.6,942.0
942,6719,martin,54.0,2.6,943.0
943,4435,mate,55.0,2.6,944.0
944,7453,miller,72.0,2.6,945.0
945,9071,moll filho,73.0,2.6,946.0
946,4203,moraes scripilliti,87.0,2.6,947.0
947,9671,parker,38.0,2.6,948.0
948,5638,paul,70.0,2.6,949.0
949,7609,ryan,81.0,2.6,950.0
950,5155,secunda,64.0,2.6,951.0
951,3531,shen,72.0,2.6,952.0
952,4584,shen,59.0,2.6,953.0
953,5721,shwed,50.0,2.6,954.0
954,1918,song,71.0,2.6,955.0
955,4643,stephens,61.0,2.6,956.0
956,7451,taylor,77.0,2.6,957.0
957,4957,toosbuy kasprzak,60.0,2.6,958.0
958,2084,tornqvist,64.0,2.6,959.0
959,3506,utemuratov,60.0,2.6,960.0
960,8781,wilson,61.0,2.6,961.0
961,5690,yang,49.0,2.6,962.0
962,4888,zhang,52.0,2.6,963.0
963,6085,zhu,59.0,2.6,964.0
964,5739,ang,64.0,2.5,965.0
965,7102,bass,72.0,2.5,966.0
966,8655,bass,62.0,2.5,967.0
967,2790,beveridge,56.0,2.5,968.0
968,1687,bishop,80.0,2.5,969.0
969,9975,botin,82.0,2.5,970.0
970,3973,braman,85.0,2.5,971.0
971,8423,chin,60.0,2.5,972.0
972,3589,cho,72.0,2.5,973.0
973,4286,coates,48.0,2.5,974.0
974,5867,du,48.0,2.5,975.0
975,3668,faria,97.0,2.5,976.0
976,2759,feld,69.0,2.5,977.0
977,7996,garavoglia,49.0,2.5,978.0
978,8465,gottesman,57.0,2.5,979.0
979,6680,gray,48.0,2.5,980.0
980,2550,hagen,61.0,2.5,981.0
981,6934,han,87.0,2.5,982.0
982,7628,henry,68.0,2.5,983.0
983,4995,ho,41.0,2.5,984.0
984,2142,hui,65.0,2.5,985.0
985,3755,koc,87.0,2.5,986.0
986,5408,kuan,70.0,2.5,987.0
987,4877,lauder,45.0,2.5,988.0
988,9025,lauder zinterhofer,48.0,2.5,989.0
989,9986,lazari,73.0,2.5,990.0
990,9371,lewis,92.0,2.5,991.0
991,9183,lo,69.0,2.5,992.0
992,7051,lorberbaum,63.0,2.5,993.0
993,1747,mansueto,61.0,2.5,994.0
994,7312,marinho,62.0,2.5,995.0
995,7903,marinho,70.0,2.5,996.0
996,8019,metropoulos,72.0,2.5,997.0
997,1250,mistakidis,56.0,2.5,998.0
998,8040,moreno,71.0,2.5,999.0
999,8658,mori,77.0,2.5,1000.0
1000,4202,neumann,39.0,2.5,1001.0
1001,6713,or,67.0,2.5,1002.0
1002,8537,peery,79.0,2.5,1003.0
1003,9850,pudwill,73.0,2.5,1004.0
1004,6867,reddy,60.0,2.5,1005.0
1005,2763,robbins,48.0,2.5,1006.0
1006,4591,sanchez,56.0,2.5,1007.0
1007,8852,schmidheiny,70.0,2.5,1008.0
1008,6293,schulenberg,,2.5,1009.0
1009,9885,simonyi,69.0,2.5,1010.0
1010,5012,stevens,58.0,2.5,1011.0
1011,1913,sze,68.0,2.5,1012.0
1012,7537,tara,88.0,2.5,1013.0
1013,3294,tham,69.0,2.5,1014.0
1014,5941,thiel,50.0,2.5,1015.0
1015,1406,wynn,76.0,2.5,1016.0
1016,5630,york,67.0,2.5,1017.0
1017,3802,zalik,44.0,2.5,1018.0
1018,4028,zhao,52.0,2.5,1019.0
1019,5269,argyros,81.0,2.4,1020.0
1020,5960,arrillaga,81.0,2.4,1021.0
1021,2733,bronfman,86.0,2.4,1022.0
1022,2029,buck,87.0,2.4,1023.0
1023,5751,chen,50.0,2.4,1024.0
1024,4644,chen,59.0,2.4,1025.0
1025,5245,chu,48.0,2.4,1026.0
1026,2249,coutu,91.0,2.4,1027.0
1027,2218,cutrale,71.0,2.4,1028.0
1028,2872,dalmia,,2.4,1029.0
1029,6138,douglas,71.0,2.4,1030.0
1030,7817,egydio arruda villela filho,48.0,2.4,1031.0
1031,9338,erni,53.0,2.4,1032.0
1032,6260,esteves,49.0,2.4,1033.0
1033,5330,fidani,63.0,2.4,1034.0
1034,4430,firodia,73.0,2.4,1035.0
1035,8999,gantner,50.0,2.4,1036.0
1036,2241,geng,55.0,2.4,1037.0
1037,7688,goldhar,56.0,2.4,1038.0
1038,6654,herrero,68.0,2.4,1039.0
1039,8571,hintze,64.0,2.4,1040.0
1040,7166,kesaev,51.0,2.4,1041.0
1041,9198,koon,57.0,2.4,1042.0
1042,3046,langness,65.0,2.4,1043.0
1043,4013,li,54.0,2.4,1044.0
1044,8462,mamut,58.0,2.4,1045.0
1045,5087,marinho,64.0,2.4,1046.0
1046,1224,mclane,81.0,2.4,1047.0
1047,9407,motsepe,56.0,2.4,1048.0
1048,7501,oetker,51.0,2.4,1049.0
1049,2324,oetker,74.0,2.4,1050.0
1050,8529,oetker,45.0,2.4,1051.0
1051,8312,oetker,70.0,2.4,1052.0
1052,8905,oetker,39.0,2.4,1053.0
1053,9231,oetker,67.0,2.4,1054.0
1054,9923,pritzker,58.0,2.4,1055.0
1055,9429,pritzker,65.0,2.4,1056.0
1056,7548,rocha,88.0,2.4,1057.0
1057,4739,rovati,89.0,2.4,1058.0
1058,4231,sahenk,54.0,2.4,1059.0
1059,2290,schweizer,77.0,2.4,1060.0
1060,7650,smidt,58.0,2.4,1061.0
1061,2423,spanos,94.0,2.4,1062.0
1062,9527,tewari,60.0,2.4,1063.0
1063,8149,tong,63.0,2.4,1064.0
1064,2818,unger,73.0,2.4,1065.0
1065,8997,varkey,61.0,2.4,1066.0
1066,1102,wietlisbach,56.0,2.4,1067.0
1067,3622,ying,68.0,2.4,1068.0
1068,4607,yu,56.0,2.4,1069.0
1069,6254,bucher-haefner,61.0,2.3,1070.0
1070,7862,chen,52.0,2.3,1071.0
1071,5305,denegri,82.0,2.3,1072.0
1072,8621,desmond,67.0,2.3,1073.0
1073,9253,divi,67.0,2.3,1074.0
1074,7956,flohr,48.0,2.3,1075.0
1075,8254,fraisse,61.0,2.3,1076.0
1076,4091,goenka,60.0,2.3,1077.0
1077,9108,gottesman,92.0,2.3,1078.0
1078,3495,gyanchandani,,2.3,1079.0
1079,8377,haslam,59.0,2.3,1080.0
1080,7159,hu,55.0,2.3,1081.0
1081,9302,hunt,89.0,2.3,1082.0
1082,3360,ibragimov,64.0,2.3,1083.0
1083,9263,jacobs,61.0,2.3,1084.0
1084,1746,kelley,61.0,2.3,1085.0
1085,4103,khosla,63.0,2.3,1086.0
1086,1540,lansdown,65.0,2.3,1087.0
1087,1070,lau,45.0,2.3,1088.0
1088,5640,lee,77.0,2.3,1089.0
1089,5338,lin,55.0,2.3,1090.0
1090,8700,lo,79.0,2.3,1091.0
1091,2577,machkevich,64.0,2.3,1092.0
1092,7351,mathile,77.0,2.3,1093.0
1093,4204,perron,95.0,2.3,1094.0
1094,6978,ricketts,76.0,2.3,1095.0
1095,8234,rossmann,71.0,2.3,1096.0
1096,3243,sahenk,51.0,2.3,1097.0
1097,5967,snyder,53.0,2.3,1098.0
1098,6898,spuhler,58.0,2.3,1099.0
1099,9902,tang,84.0,2.3,1100.0
1100,9582,tyson,64.0,2.3,1101.0
1101,8677,wong,53.0,2.3,1102.0
1102,9038,aguiar,80.0,2.2,1103.0
1103,8315,akhannouch,57.0,2.2,1104.0
1104,4545,baron,75.0,2.2,1105.0
1105,9939,bhartia,65.0,2.2,1106.0
1106,3003,boyle,68.0,2.2,1107.0
1107,5191,casiraghi,1985.0,2.2,1108.0
1108,2938,chan,,2.2,1109.0
1109,4349,coleman,43.0,2.2,1110.0
1110,2569,coombs,57.0,2.2,1111.0
1111,9925,coulter,58.0,2.2,1112.0
1112,2885,de godoy bueno,70.0,2.2,1113.0
1113,3665,de mattos barretto villela,44.0,2.2,1114.0
1114,2718,fertitta,56.0,2.2,1115.0
1115,6969,fertitta,49.0,2.2,1116.0
1116,8331,fissolo,83.0,2.2,1117.0
1117,7839,frolov,54.0,2.2,1118.0
1118,5464,garcia,61.0,2.2,1119.0
1119,3964,grendene bartelle,68.0,2.2,1120.0
1120,8836,gupta,72.0,2.2,1121.0
1121,5634,hagen,75.0,2.2,1122.0
1122,4153,he,52.0,2.2,1123.0
1123,5767,hector,78.0,2.2,1124.0
1124,7710,hubbard,85.0,2.2,1125.0
1125,9837,ke,58.0,2.2,1126.0
1126,2687,kirac,77.0,2.2,1127.0
1127,7511,kong,50.0,2.2,1128.0
1128,6485,koo,73.0,2.2,1129.0
1129,3947,kyostila,72.0,2.2,1130.0
1130,8063,lee,74.0,2.2,1131.0
1131,2856,lefkofsky,48.0,2.2,1132.0
1132,3781,lim,65.0,2.2,1133.0
1133,3110,lin,,2.2,1134.0
1134,4941,olivo lopez,44.0,2.2,1135.0
1135,6921,ragon,69.0,2.2,1136.0
1136,6366,rahr,72.0,2.2,1137.0
1137,5644,sanford,82.0,2.2,1138.0
1138,8526,santo domingo,1986.0,2.2,1139.0
1139,7857,scheufele,79.0,2.2,1140.0
1140,6067,shen,55.0,2.2,1141.0
1141,2068,taravella,70.0,2.2,1142.0
1142,5710,tinkov,50.0,2.2,1143.0
1143,7759,tsai,,2.2,1144.0
1144,8018,tung,81.0,2.2,1145.0
1145,2953,turner,79.0,2.2,1146.0
1146,9361,vaswani,54.0,2.2,1147.0
1147,2598,virwani,52.0,2.2,1148.0
1148,9297,walker,72.0,2.2,1149.0
1149,3067,wu,83.0,2.2,1150.0
1150,9489,xiao,51.0,2.2,1151.0
1151,3470,xiong,61.0,2.2,1152.0
1152,7626,yasuda,69.0,2.2,1153.0
1153,1865,young,77.0,2.2,1154.0
1154,7923,zakay,,2.2,1155.0
1155,6091,zhang,57.0,2.2,1156.0
1156,3455,alexander,74.0,2.1,1157.0
1157,6799,angelini rossi,64.0,2.1,1158.0
1158,4134,boquoi,84.0,2.1,1159.0
1159,9397,buinov,50.0,2.1,1160.0
1160,9161,chandler,59.0,2.1,1161.0
1161,8946,cheng,48.0,2.1,1162.0
1162,9380,chodiev,65.0,2.1,1163.0
1163,4920,choo,65.0,2.1,1164.0
1164,3773,christopher,55.0,2.1,1165.0
1165,7834,de mol,63.0,2.1,1166.0
1166,1642,gaglardi,77.0,2.1,1167.0
1167,8146,getty,84.0,2.1,1168.0
1168,6126,ginestet,64.0,2.1,1169.0
1169,3133,goenka,57.0,2.1,1170.0
1170,8370,gores,65.0,2.1,1171.0
1171,5321,hains,87.0,2.1,1172.0
1172,5621,hariri,52.0,2.1,1173.0
1173,5765,heinecke,69.0,2.1,1174.0
1174,6356,huang,51.0,2.1,1175.0
1175,3815,huang,70.0,2.1,1176.0
1176,2957,jaipuria,63.0,2.1,1177.0
1177,3912,jiang,55.0,2.1,1178.0
1178,8332,jove,77.0,2.1,1179.0
1179,6089,krueger,77.0,2.1,1180.0
1180,2422,kuok,68.0,2.1,1181.0
1181,7012,latouche,77.0,2.1,1182.0
1182,6316,lehmann,,2.1,1183.0
1183,4084,li,65.0,2.1,1184.0
1184,8561,li,67.0,2.1,1185.0
1185,2314,liang,49.0,2.1,1186.0
1186,9869,louie,74.0,2.1,1187.0
1187,2921,lozick,73.0,2.1,1188.0
1188,1646,makarov,56.0,2.1,1189.0
1189,9281,mao,77.0,2.1,1190.0
1190,7791,mariwala,67.0,2.1,1191.0
1191,7848,moller nielsen,53.0,2.1,1192.0
1192,2377,murdock,95.0,2.1,1193.0
1193,6828,murthy,71.0,2.1,1194.0
1194,4012,nemetschek,84.0,2.1,1195.0
1195,9539,oberoi,47.0,2.1,1196.0
1196,9487,oeri,63.0,2.1,1197.0
1197,6352,ong beng seng,73.0,2.1,1198.0
1198,1822,perot,59.0,2.1,1199.0
1199,7601,peterson,53.0,2.1,1200.0
1200,5592,pratt,55.0,2.1,1201.0
1201,3703,repik,38.0,2.1,1202.0
1202,4864,shin,64.0,2.1,1203.0
1203,7272,shriram,61.0,2.1,1204.0
1204,1761,stroeher,63.0,2.1,1205.0
1205,6410,tada,72.0,2.1,1206.0
1206,3488,tang,84.0,2.1,1207.0
1207,9140,von opel,52.0,2.1,1208.0
1208,5866,walentas,79.0,2.1,1209.0
1209,4658,wanek,77.0,2.1,1210.0
1210,7929,wang,53.0,2.1,1211.0
1211,3394,wang,53.0,2.1,1212.0
1212,8306,ye,56.0,2.1,1213.0
1213,4933,zhu,60.0,2.1,1214.0
1214,9431,aarnio-wihuri,78.0,2.0,1215.0
1215,2578,abraham,93.0,2.0,1216.0
1216,6196,alves de queiroz filho,65.0,2.0,1217.0
1217,2298,anttonen,51.0,2.0,1218.0
1218,2080,bjorgolfsson,51.0,2.0,1219.0
1219,4250,bokarev,51.0,2.0,1220.0
1220,3637,braun-luedicke,41.0,2.0,1221.0
1221,8026,braun-luedicke,1988.0,2.0,1222.0
1222,4004,braun-luedicke,1985.0,2.0,1223.0
1223,6131,burkle,65.0,2.0,1224.0
1224,6258,burman,81.0,2.0,1225.0
1225,5490,chen,82.0,2.0,1226.0
1226,8442,clark,74.0,2.0,1227.0
1227,5902,cline,59.0,2.0,1228.0
1228,2070,daitch,55.0,2.0,1229.0
1229,5393,dong,47.0,2.0,1230.0
1230,4753,draexlmaier,,2.0,1231.0
1231,3681,dubin,61.0,2.0,1232.0
1232,9785,duggan,74.0,2.0,1233.0
1233,5048,garfinkel,72.0,2.0,1234.0
1234,9506,goi,69.0,2.0,1235.0
1235,3728,hagen,82.0,2.0,1236.0
1236,3201,hank rhon,70.0,2.0,1237.0
1237,4457,henkel,60.0,2.0,1238.0
1238,9208,hu,56.0,2.0,1239.0
1239,2809,huang,56.0,2.0,1240.0
1240,4314,juneja,62.0,2.0,1241.0
1241,5344,karsh,62.0,2.0,1242.0
1242,9446,laufer,72.0,2.0,1243.0
1243,7988,lee,47.0,2.0,1244.0
1244,3828,lee,58.0,2.0,1245.0
1245,5472,leitner,65.0,2.0,1246.0
1246,9645,li,51.0,2.0,1247.0
1247,4417,link,63.0,2.0,1248.0
1248,6919,liu,55.0,2.0,1249.0
1249,3524,lurie,66.0,2.0,1250.0
1250,6075,ma,48.0,2.0,1251.0
1251,9610,macmillan,64.0,2.0,1252.0
1252,2182,marks,72.0,2.0,1253.0
1253,8188,miao,63.0,2.0,1254.0
1254,8480,mittal,87.0,2.0,1255.0
1255,1305,moretti polegato,65.0,2.0,1256.0
1256,9561,moshkovich,51.0,2.0,1257.0
1257,5991,munot,73.0,2.0,1258.0
1258,1404,nelson,62.0,2.0,1259.0
1259,2453,perez,71.0,2.0,1260.0
1260,9562,petaumpai,65.0,2.0,1261.0
1261,9351,peterson,92.0,2.0,1262.0
1262,4029,poddar,60.0,2.0,1263.0
1263,8329,poo,77.0,2.0,1264.0
1264,2039,ren,74.0,2.0,1265.0
1265,8893,ressler,56.0,2.0,1266.0
1266,6674,riberas mera,54.0,2.0,1267.0
1267,4814,sacks,68.0,2.0,1268.0
1268,1322,schlosberg,65.0,2.0,1269.0
1269,3014,sheth,42.0,2.0,1270.0
1270,4548,stitzer,58.0,2.0,1271.0
1271,3417,su,69.0,2.0,1272.0
1272,4522,suzuki,64.0,2.0,1273.0
1273,1654,tanner,62.0,2.0,1274.0
1274,2776,tiku,48.0,2.0,1275.0
1275,1438,wang,52.0,2.0,1276.0
1276,8114,wang,69.0,2.0,1277.0
1277,1672,wei,55.0,2.0,1278.0
1278,3963,wyss,47.0,2.0,1279.0
1279,7340,yarbrough,61.0,2.0,1280.0
1280,6907,yevtushenkov,69.0,2.0,1281.0
1281,2736,zegar,70.0,2.0,1282.0
1282,2712,zhu,56.0,2.0,1283.0
1283,1551,al ghurair,94.0,1.9,1284.0
1284,4622,albukhary,66.0,1.9,1285.0
1285,5095,baumann-blocher,43.0,1.9,1286.0
1286,2392,berner,82.0,1.9,1287.0
1287,4623,bruch,68.0,1.9,1288.0
1288,1127,chang,99.0,1.9,1289.0
1289,2042,chiaravanont,,1.9,1290.0
1290,4775,clozel,,1.9,1291.0
1291,4812,de rothschild,54.0,1.9,1292.0
1292,3712,dinan,59.0,1.9,1293.0
1293,1437,edelstenne,80.0,1.9,1294.0
1294,9115,freier,61.0,1.9,1295.0
1295,5661,gross,74.0,1.9,1296.0
1296,8403,gundlach,59.0,1.9,1297.0
1297,4645,gunsel,65.0,1.9,1298.0
1298,2711,harlap,73.0,1.9,1299.0
1299,4391,hernandez ramirez,76.0,1.9,1300.0
1300,9395,kaercher,67.0,1.9,1301.0
1301,1047,knapp,67.0,1.9,1302.0
1302,7038,lee,74.0,1.9,1303.0
1303,7885,lee,44.0,1.9,1304.0
1304,2132,liang,56.0,1.9,1305.0
1305,3116,liao,65.0,1.9,1306.0
1306,3772,lin,89.0,1.9,1307.0
1307,5953,mansour,56.0,1.9,1308.0
1308,4792,nahmad,71.0,1.9,1309.0
1309,3727,nesis,55.0,1.9,1310.0
1310,3337,nilekani,63.0,1.9,1311.0
1311,3492,pai,45.0,1.9,1312.0
1312,5679,park,59.0,1.9,1313.0
1313,1986,pritzker,67.0,1.9,1314.0
1314,3850,qiu,56.0,1.9,1315.0
1315,4801,rahimkulov,72.0,1.9,1316.0
1316,8396,rodriguez rodriguez,79.0,1.9,1317.0
1317,1357,rubin,81.0,1.9,1318.0
1318,5785,ruffini,56.0,1.9,1319.0
1319,2295,selin,51.0,1.9,1320.0
1320,9461,sondakh,68.0,1.9,1321.0
1321,6877,trefler,62.0,1.9,1322.0
1322,5308,tseng,90.0,1.9,1323.0
1323,2051,uno,71.0,1.9,1324.0
1324,8581,wang,56.0,1.9,1325.0
1325,7332,williams,46.0,1.9,1326.0
1326,8050,witzoe,1994.0,1.9,1327.0
1327,2977,wortmann,77.0,1.9,1328.0
1328,9774,xiao,53.0,1.9,1329.0
1329,7432,xie,57.0,1.9,1330.0
1330,6817,xue,59.0,1.9,1331.0
1331,5792,yuan,54.0,1.9,1332.0
1332,2825,zeng,50.0,1.9,1333.0
1333,1500,zhang,68.0,1.9,1334.0
1334,9855,zhang,46.0,1.9,1335.0
1335,5247,zheng,56.0,1.9,1336.0
1336,9966,zhou,56.0,1.9,1337.0
1337,8886,zimmermann von siefart ,61.0,1.9,1338.0
1338,2208,agalarov,62.0,1.8,1339.0
1339,9341,alter,93.0,1.8,1340.0
1340,7214,an,69.0,1.8,1341.0
1341,6672,beard,50.0,1.8,1342.0
1342,4568,berggruen,56.0,1.8,1343.0
1343,9826,bogdanov,67.0,1.8,1344.0
1344,1805,bozano,82.0,1.8,1345.0
1345,8086,braun,39.0,1.8,1346.0
1346,6872,braun,38.0,1.8,1347.0
1347,1037,braun,1984.0,1.8,1348.0
1348,1235,burman,66.0,1.8,1349.0
1349,9483,carmignac,70.0,1.8,1350.0
1350,5070,chen,47.0,1.8,1351.0
1351,4261,cheung,61.0,1.8,1352.0
1352,7390,chung,66.0,1.8,1353.0
1353,8695,cowin,75.0,1.8,1354.0
1354,7966,cui,60.0,1.8,1355.0
1355,8012,damen,74.0,1.8,1356.0
1356,2413,della valle,64.0,1.8,1357.0
1357,9377,dou,65.0,1.8,1358.0
1358,2302,edwards,58.0,1.8,1359.0
1359,1253,escarrer,83.0,1.8,1360.0
1360,2543,fayat,86.0,1.8,1361.0
1361,5367,france,73.0,1.8,1362.0
1362,2942,gopalakrishnan,63.0,1.8,1363.0
1363,4273,harding,56.0,1.8,1364.0
1364,4556,horejsi,80.0,1.8,1365.0
1365,3433,huang,53.0,1.8,1366.0
1366,9340,james,66.0,1.8,1367.0
1367,3726,kapoor,74.0,1.8,1368.0
1368,2894,lauder,58.0,1.8,1369.0
1369,7174,li,51.0,1.8,1370.0
1370,6890,michel,71.0,1.8,1371.0
1371,6183,noda,79.0,1.8,1372.0
1372,9137,perez companc,82.0,1.8,1373.0
1373,9141,pritzker,64.0,1.8,1374.0
1374,6597,qin,50.0,1.8,1375.0
1375,1055,reinhart,58.0,1.8,1376.0
1376,2101,roberts,58.0,1.8,1377.0
1377,9829,roemmers,91.0,1.8,1378.0
1378,5065,schwartz,76.0,1.8,1379.0
1379,3631,shinawatra,68.0,1.8,1380.0
1380,2982,stone,63.0,1.8,1381.0
1381,8093,stordalen,55.0,1.8,1382.0
1382,5806,stoschek,43.0,1.8,1383.0
1383,5489,stoschek,,1.8,1384.0
1384,5505,sun,68.0,1.8,1385.0
1385,1862,tran,58.0,1.8,1386.0
1386,3600,ulukaya,45.0,1.8,1387.0
1387,2605,wong,56.0,1.8,1388.0
1388,5034,wu,48.0,1.8,1389.0
1389,2788,xu,52.0,1.8,1390.0
1390,7644,yang,67.0,1.8,1391.0
1391,4858,yao,53.0,1.8,1392.0
1392,9523,zhong,60.0,1.8,1393.0
1393,8308,adams,97.0,1.7,1394.0
1394,4191,allen,78.0,1.7,1395.0
1395,6153,ashcroft,72.0,1.7,1396.0
1396,9746,avdeev,50.0,1.7,1397.0
1397,9995,azcarraga jean,50.0,1.7,1398.0
1398,4114,bacaksiz,68.0,1.7,1399.0
1399,7080,bamberger,53.0,1.7,1400.0
1400,1227,bennett,74.0,1.7,1401.0
1401,8300,benteler,71.0,1.7,1402.0
1402,5925,braun,1991.0,1.7,1403.0
1403,3845,bulgari,77.0,1.7,1404.0
1404,7457,bulgari,80.0,1.7,1405.0
1405,9185,chen,48.0,1.7,1406.0
1406,3905,chen,49.0,1.7,1407.0
1407,1575,chen,67.0,1.7,1408.0
1408,2424,cremonini,79.0,1.7,1409.0
1409,9272,desseigne,73.0,1.7,1410.0
1410,2626,dizdar,80.0,1.7,1411.0
1411,3087,dolce,59.0,1.7,1412.0
1412,6403,durov,1986.0,1.7,1413.0
1413,7819,farber,92.0,1.7,1414.0
1414,9206,fisher,64.0,1.7,1415.0
1415,7912,fisher,61.0,1.7,1416.0
1416,7571,gabbana,55.0,1.7,1417.0
1417,9755,gerling,63.0,1.7,1418.0
1418,9324,godin,68.0,1.7,1419.0
1419,3880,gordeev,45.0,1.7,1420.0
1420,5664,gunal,70.0,1.7,1421.0
1421,7930,hamied,81.0,1.7,1422.0
1422,9121,harvey,78.0,1.7,1423.0
1423,4784,headington,68.0,1.7,1424.0
1424,9565,huang,59.0,1.7,1425.0
1425,2615,huo,57.0,1.7,1426.0
1426,4451,jain,89.0,1.7,1427.0
1427,6565,jiang,67.0,1.7,1428.0
1428,4165,justice,67.0,1.7,1429.0
1429,7830,kim,73.0,1.7,1430.0
1430,3242,koch,78.0,1.7,1431.0
1431,5872,langley,63.0,1.7,1432.0
1432,5580,lasry,57.0,1.7,1433.0
1433,7677,leibinger,51.0,1.7,1434.0
1434,8943,leibinger,55.0,1.7,1435.0
1435,3934,li,68.0,1.7,1436.0
1436,1463,lichtenstein,56.0,1.7,1437.0
1437,6210,lim,74.0,1.7,1438.0
1438,2180,liu,55.0,1.7,1439.0
1439,5929,ma,47.0,1.7,1440.0
1440,2876,mahagitsiri,72.0,1.7,1441.0
1441,4317,mahindra,63.0,1.7,1442.0
1442,9448,mariwala,83.0,1.7,1443.0
1443,9493,mccaw,68.0,1.7,1444.0
1444,1681,mckelvey,43.0,1.7,1445.0
1445,6192,mcmahon,72.0,1.7,1446.0
1446,7880,mcmurtry,78.0,1.7,1447.0
1447,2723,michelson,69.0,1.7,1448.0
1448,4918,moratti,73.0,1.7,1449.0
1449,8100,moshiri,63.0,1.7,1450.0
1450,9984,moyes,74.0,1.7,1451.0
1451,3075,munger,94.0,1.7,1452.0
1452,9721,neilson,68.0,1.7,1453.0
1453,1455,ou,54.0,1.7,1454.0
1454,4797,ozdemir,68.0,1.7,1455.0
1455,9087,pan,54.0,1.7,1456.0
1456,5728,park,72.0,1.7,1457.0
1457,6523,peltz,76.0,1.7,1458.0
1458,4773,penske,81.0,1.7,1459.0
1459,9403,qi,56.0,1.7,1460.0
1460,4791,qi,48.0,1.7,1461.0
1461,8362,rachmat,74.0,1.7,1462.0
1462,8555,riberas mera,49.0,1.7,1463.0
1463,5215,sharma,40.0,1.7,1464.0
1464,4834,strukov,59.0,1.7,1465.0
1465,3145,swieca,61.0,1.7,1466.0
1466,1141,thongtang,71.0,1.7,1467.0
1467,4543,toeller,52.0,1.7,1468.0
1468,9310,trotsenko,47.0,1.7,1469.0
1469,1485,wagner,57.0,1.7,1470.0
1470,5401,wang,62.0,1.7,1471.0
1471,4540,wang,52.0,1.7,1472.0
1472,2814,whittaker,76.0,1.7,1473.0
1473,3140,wu,56.0,1.7,1474.0
1474,8138,xu,54.0,1.7,1475.0
1475,3257,zhang,48.0,1.7,1476.0
1476,8668,abdulhayoglu,50.0,1.6,1477.0
1477,3938,agarwal,73.0,1.6,1478.0
1478,2285,al fayed,89.0,1.6,1479.0
1479,3720,al thani,70.0,1.6,1480.0
1480,7202,austin,76.0,1.6,1481.0
1481,5543,bacon,61.0,1.6,1482.0
1482,4686,bakeri,58.0,1.6,1483.0
1483,2836,benjelloun,85.0,1.6,1484.0
1484,9584,berkley,71.0,1.6,1485.0
1485,8414,bhusri,52.0,1.6,1486.0
1486,9948,biondi,53.0,1.6,1487.0
1487,1518,bloor,75.0,1.6,1488.0
1488,4053,booth,72.0,1.6,1489.0
1489,7770,cai,48.0,1.6,1490.0
1490,7936,calik,60.0,1.6,1491.0
1491,3124,chalhoub,86.0,1.6,1492.0
1492,6651,chen,41.0,1.6,1493.0
1493,7304,cho,59.0,1.6,1494.0
1494,8415,ciner,62.0,1.6,1495.0
1495,5400,conine,45.0,1.6,1496.0
1496,8531,d'amours,61.0,1.6,1497.0
1497,1228,defares,56.0,1.6,1498.0
1498,2155,dzhaparidze,62.0,1.6,1499.0
1499,5422,feinberg,58.0,1.6,1500.0
1500,7529,foster,60.0,1.6,1501.0
1501,8334,gabelli,76.0,1.6,1502.0
1502,9856,galperin,,1.6,1503.0
1503,3862,goenka,72.0,1.6,1504.0
1504,1489,goldsbury,75.0,1.6,1505.0
1505,1629,haji-ioannou,51.0,1.6,1506.0
1506,7565,herlin,59.0,1.6,1507.0
1507,3428,higgins,53.0,1.6,1508.0
1508,3296,jarislowsky,92.0,1.6,1509.0
1509,3702,jordan,55.0,1.6,1510.0
1510,7139,kasahara,42.0,1.6,1511.0
1511,8117,kim,51.0,1.6,1512.0
1512,2958,lampert,55.0,1.6,1513.0
1513,4089,lau,64.0,1.6,1514.0
1514,3691,lee,59.0,1.6,1515.0
1515,5804,lei,65.0,1.6,1516.0
1516,2783,li,54.0,1.6,1517.0
1517,3500,li,61.0,1.6,1518.0
1518,2061,liu,54.0,1.6,1519.0
1519,7855,loro piana,66.0,1.6,1520.0
1520,4080,mccombs,90.0,1.6,1521.0
1521,7535,moratti,81.0,1.6,1522.0
1522,4841,moroun,91.0,1.6,1523.0
1523,3273,mouawad,73.0,1.6,1524.0
1524,3831,nacht,52.0,1.6,1525.0
1525,9754,ni,61.0,1.6,1526.0
1526,8102,parisotto,64.0,1.6,1527.0
1527,2088,persson,43.0,1.6,1528.0
1528,9046,persson,1986.0,1.6,1529.0
1529,1018,pumpyansky,54.0,1.6,1530.0
1530,3518,ruan,82.0,1.6,1531.0
1531,9772,salata,52.0,1.6,1532.0
1532,1544,sandberg,48.0,1.6,1533.0
1533,1448,shah,44.0,1.6,1534.0
1534,4636,shin,68.0,1.6,1535.0
1535,2574,silbermann,1984.0,1.6,1536.0
1536,1711,soderstrom,41.0,1.6,1537.0
1537,9099,steyer,60.0,1.6,1538.0
1538,9881,su,49.0,1.6,1539.0
1539,7875,teoh,62.0,1.6,1540.0
1540,3033,wang,61.0,1.6,1541.0
1541,8105,wang,51.0,1.6,1542.0
1542,5861,weber,75.0,1.6,1543.0
1543,4509,wei,65.0,1.6,1544.0
1544,2611,wei,61.0,1.6,1545.0
1545,2847,wei,59.0,1.6,1546.0
1546,5928,wei,63.0,1.6,1547.0
1547,5931,white,63.0,1.6,1548.0
1548,8634,wong,68.0,1.6,1549.0
1549,2673,wong,49.0,1.6,1550.0
1550,6888,wu,54.0,1.6,1551.0
1551,1421,wu,54.0,1.6,1552.0
1552,2495,wu,70.0,1.6,1553.0
1553,7319,yarur rey,67.0,1.6,1554.0
1554,8791,yeung,75.0,1.6,1555.0
1555,7953,yu,46.0,1.6,1556.0
1556,7783,zhevago,44.0,1.6,1557.0
1557,7032,zhou,53.0,1.6,1558.0
1558,3549,zhou,75.0,1.6,1559.0
1559,3595,zhuang,56.0,1.6,1560.0
1560,3095,abdalla filho,,1.5,1561.0
1561,2826,al muhairi,39.0,1.5,1562.0
1562,4102,alakija,67.0,1.5,1563.0
1563,9383,alfond,70.0,1.5,1564.0
1564,2296,alfond,72.0,1.5,1565.0
1565,4938,alfond,73.0,1.5,1566.0
1566,3364,alukkas,61.0,1.5,1567.0
1567,9529,andreev,44.0,1.5,1568.0
1568,2962,barnett,61.0,1.5,1569.0
1569,9391,boyko,53.0,1.5,1570.0
1570,2386,brescia cafferata,94.0,1.5,1571.0
1571,1577,chaudhary,63.0,1.5,1572.0
1572,4145,che,55.0,1.5,1573.0
1573,1945,chen,52.0,1.5,1574.0
1574,5994,desmond,66.0,1.5,1575.0
1575,3284,dewji,43.0,1.5,1576.0
1576,6693,douglas,57.0,1.5,1577.0
1577,1799,douglas,50.0,1.5,1578.0
1578,9293,eczacibasi,68.0,1.5,1579.0
1579,3505,eczacibasi,64.0,1.5,1580.0
1580,8067,ford,92.0,1.5,1581.0
1581,8237,fukushima,70.0,1.5,1582.0
1582,6671,geiger,70.0,1.5,1583.0
1583,5132,hariri,48.0,1.5,1584.0
1584,7320,hayne,70.0,1.5,1585.0
1585,1662,herlin,53.0,1.5,1586.0
1586,1858,hiranandani,63.0,1.5,1587.0
1587,9699,hiranandani,68.0,1.5,1588.0
1588,8310,huang,59.0,1.5,1589.0
1589,3265,huang,48.0,1.5,1590.0
1590,3058,jackman,86.0,1.5,1591.0
1591,6848,jain,56.0,1.5,1592.0
1592,6933,kanjanapas,67.0,1.5,1593.0
1593,1108,kim,45.0,1.5,1594.0
1594,4567,klarman,61.0,1.5,1595.0
1595,7588,klyachin,51.0,1.5,1596.0
1596,5353,kosiuk,50.0,1.5,1597.0
1597,2040,krigsner,68.0,1.5,1598.0
1598,3555,lee,66.0,1.5,1599.0
1599,4067,leibinger-kammueller,58.0,1.5,1600.0
1600,7508,li,41.0,1.5,1601.0
1601,6016,li,43.0,1.5,1602.0
1602,3054,li,55.0,1.5,1603.0
1603,5689,li,41.0,1.5,1604.0
1604,5620,lin,68.0,1.5,1605.0
1605,5712,lou,64.0,1.5,1606.0
1606,2275,low tuck,70.0,1.5,1607.0
1607,4305,menon,69.0,1.5,1608.0
1608,8626,meyer,58.0,1.5,1609.0
1609,4906,nahmad,72.0,1.5,1610.0
1610,5395,neilson,72.0,1.5,1611.0
1611,3097,olsson ericksson,73.0,1.5,1612.0
1612,3166,ou,48.0,1.5,1613.0
1613,2330,ozmen,59.0,1.5,1614.0
1614,2015,ozmen,60.0,1.5,1615.0
1615,4535,peres,77.0,1.5,1616.0
1616,2383,pincus,52.0,1.5,1617.0
1617,1257,plank,45.0,1.5,1618.0
1618,6031,pritzker,74.0,1.5,1619.0
1619,2697,que,54.0,1.5,1620.0
1620,3381,rodriguez rodriguez,72.0,1.5,1621.0
1621,2234,saji,72.0,1.5,1622.0
1622,7994,sandell,57.0,1.5,1623.0
1623,7556,sariaatmadja,64.0,1.5,1624.0
1624,2564,sarofim,89.0,1.5,1625.0
1625,6698,schoeller,79.0,1.5,1626.0
1626,4726,seabra,75.0,1.5,1627.0
1627,1149,shefler,50.0,1.5,1628.0
1628,2667,shroff,84.0,1.5,1629.0
1629,4144,stronach,85.0,1.5,1630.0
1630,5266,systrom,1985.0,1.5,1631.0
1631,8996,tang,95.0,1.5,1632.0
1632,4981,tang,,1.5,1633.0
1633,2193,tang,44.0,1.5,1634.0
1634,7371,thompson,78.0,1.5,1635.0
1635,5613,tisch,64.0,1.5,1636.0
1636,2784,tuchman,58.0,1.5,1637.0
1637,8842,van der leegte,70.0,1.5,1638.0
1638,3783,vayalil,41.0,1.5,1639.0
1639,2984,vijitpongpun,60.0,1.5,1640.0
1640,5265,volozh,54.0,1.5,1641.0
1641,6052,von holtzbrinck,55.0,1.5,1642.0
1642,6690,wang,54.0,1.5,1643.0
1643,5113,wong,56.0,1.5,1644.0
1644,2933,wood,75.0,1.5,1645.0
1645,9270,xiao,50.0,1.5,1646.0
1646,4538,xu,46.0,1.5,1647.0
1647,3793,zhang,63.0,1.5,1648.0
1648,5726,zhang,45.0,1.5,1649.0
1649,7441,aga,75.0,1.4,1650.0
1650,5278,akhmedov,62.0,1.4,1651.0
1651,1514,alcocer,75.0,1.4,1652.0
1652,5226,alghanim,66.0,1.4,1653.0
1653,3786,alghanim,72.0,1.4,1654.0
1654,9602,andresen,1998.0,1.4,1655.0
1655,7712,andresen,1996.0,1.4,1656.0
1656,9385,anisimov,66.0,1.4,1657.0
1657,5939,arkin,65.0,1.4,1658.0
1658,9110,austin,47.0,1.4,1659.0
1659,1138,bangur,57.0,1.4,1660.0
1660,6853,chambers,76.0,1.4,1661.0
1661,9786,chandramogan,69.0,1.4,1662.0
1662,9617,chang,67.0,1.4,1663.0
1663,1632,chao,74.0,1.4,1664.0
1664,5398,chen,42.0,1.4,1665.0
1665,3114,chen,45.0,1.4,1666.0
1666,5610,cheng,71.0,1.4,1667.0
1667,7606,chey,53.0,1.4,1668.0
1668,6881,chi,47.0,1.4,1669.0
1669,6773,chua,69.0,1.4,1670.0
1670,3820,chung,49.0,1.4,1671.0
1671,3279,ciputra,86.0,1.4,1672.0
1672,7374,cortina,72.0,1.4,1673.0
1673,2089,coyiuto,65.0,1.4,1674.0
1674,9382,del pino y calvo-sotelo,62.0,1.4,1675.0
1675,8431,dinesh,64.0,1.4,1676.0
1676,3318,du,54.0,1.4,1677.0
1677,9329,edson,86.0,1.4,1678.0
1678,3816,einhorn,49.0,1.4,1679.0
1679,8642,ell,73.0,1.4,1680.0
1680,8802,fegel,44.0,1.4,1681.0
1681,8969,fung,72.0,1.4,1682.0
1682,1752,fung,69.0,1.4,1683.0
1683,5101,gerry,89.0,1.4,1684.0
1684,3904,goenka,51.0,1.4,1685.0
1685,1869,haji-ioannou,58.0,1.4,1686.0
1686,9354,hattat,72.0,1.4,1687.0
1687,6232,hill,70.0,1.4,1688.0
1688,5011,hochschild,54.0,1.4,1689.0
1689,1744,hoi,65.0,1.4,1690.0
1690,9700,hur,69.0,1.4,1691.0
1691,9574,joseph,96.0,1.4,1692.0
1692,6701,joyce,87.0,1.4,1693.0
1693,9888,kalyanaraman,71.0,1.4,1694.0
1694,9176,kampani,71.0,1.4,1695.0
1695,1561,kaspersky,52.0,1.4,1696.0
1696,7866,kharitonin,45.0,1.4,1697.0
1697,1023,kondrashev,68.0,1.4,1698.0
1698,1737,kovalchuk,66.0,1.4,1699.0
1699,6534,kozuki,77.0,1.4,1700.0
1700,7189,krasny,64.0,1.4,1701.0
1701,1111,leininger,73.0,1.4,1702.0
1702,2189,li,54.0,1.4,1703.0
1703,1939,li,50.0,1.4,1704.0
1704,4494,liu,64.0,1.4,1705.0
1705,4396,lomakin,65.0,1.4,1706.0
1706,8065,ma,50.0,1.4,1707.0
1707,4440,magness,64.0,1.4,1708.0
1708,7888,mansour,73.0,1.4,1709.0
1709,8513,masiyiwa,57.0,1.4,1710.0
1710,8272,milek,50.0,1.4,1711.0
1711,7418,nan,54.0,1.4,1712.0
1712,2172,nandwana,55.0,1.4,1713.0
1713,6194,oei,70.0,1.4,1714.0
1714,6642,ometto silveira mello,68.0,1.4,1715.0
1715,1069,ou,69.0,1.4,1716.0
1716,4506,persson,39.0,1.4,1717.0
1717,6429,pinchuk,57.0,1.4,1718.0
1718,1048,prada,,1.4,1719.0
1719,8775,prada,,1.4,1720.0
1720,5360,preston,85.0,1.4,1721.0
1721,9952,reinsdorf,82.0,1.4,1722.0
1722,4297,roig,70.0,1.4,1723.0
1723,8173,runwal,75.0,1.4,1724.0
1724,2641,sankai,59.0,1.4,1725.0
1725,7173,shamalov,1983.0,1.4,1726.0
1726,1036,shin,63.0,1.4,1727.0
1727,6028,shvidler,54.0,1.4,1728.0
1728,8444,singh,67.0,1.4,1729.0
1729,1130,sitorus,58.0,1.4,1730.0
1730,4822,sperling,58.0,1.4,1731.0
1731,9103,starak,70.0,1.4,1732.0
1732,3730,stul,69.0,1.4,1733.0
1733,8475,su,63.0,1.4,1734.0
1734,2540,tosyali,55.0,1.4,1735.0
1735,7492,troutt,70.0,1.4,1736.0
1736,6632,vigil gonzalez,70.0,1.4,1737.0
1737,1675,wang,48.0,1.4,1738.0
1738,8564,wang,45.0,1.4,1739.0
1739,8618,wang,48.0,1.4,1740.0
1740,1477,wilks,62.0,1.4,1741.0
1741,3200,wilks,66.0,1.4,1742.0
1742,4907,wu,68.0,1.4,1743.0
1743,1725,yi,47.0,1.4,1744.0
1744,4367,yuan,67.0,1.4,1745.0
1745,7890,yuengling,75.0,1.4,1746.0
1746,8560,yushvaev,60.0,1.4,1747.0
1747,8685,zeng,43.0,1.4,1748.0
1748,9762,zhang,68.0,1.4,1749.0
1749,2027,zhang,53.0,1.4,1750.0
1750,3826,zhao,,1.4,1751.0
1751,2873,zhou,49.0,1.4,1752.0
1752,8160,zhou,63.0,1.4,1753.0
1753,7438,zhu,52.0,1.4,1754.0
1754,9066,zorlu,73.0,1.4,1755.0
1755,7147,ainsworth,94.0,1.3,1756.0
1756,5608,ansin,82.0,1.3,1757.0
1757,3738,blocher,47.0,1.3,1758.0
1758,4769,boguslavsky,67.0,1.3,1759.0
1759,6584,brito,65.0,1.3,1760.0
1760,9000,burman,41.0,1.3,1761.0
1761,8870,case,59.0,1.3,1762.0
1762,2198,cheah,73.0,1.3,1763.0
1763,6854,cheng,82.0,1.3,1764.0
1764,1696,cheng,49.0,1.3,1765.0
1765,6558,chrenko,50.0,1.3,1766.0
1766,6874,cojuangco,83.0,1.3,1767.0
1767,8682,cucinelli,64.0,1.3,1768.0
1768,1542,deason,78.0,1.3,1769.0
1769,5618,della valle,52.0,1.3,1770.0
1770,5557,dimon,62.0,1.3,1771.0
1771,3847,dunstone,54.0,1.3,1772.0
1772,5442,flatt,53.0,1.3,1773.0
1773,1027,fu,60.0,1.3,1774.0
1774,1743,fukutake,72.0,1.3,1775.0
1775,9195,gao,53.0,1.3,1776.0
1776,1563,gao,51.0,1.3,1777.0
1777,6505,gittinger,82.0,1.3,1778.0
1778,6552,haji-ioannou,47.0,1.3,1779.0
1779,1610,hancock,42.0,1.3,1780.0
1780,1688,harary,46.0,1.3,1781.0
1781,5390,hariri,40.0,1.3,1782.0
1782,2792,hariri,1982.0,1.3,1783.0
1783,1555,hiranandani,63.0,1.3,1784.0
1784,1019,howard,54.0,1.3,1785.0
1785,4233,hu,60.0,1.3,1786.0
1786,5738,hwang,,1.3,1787.0
1787,6267,jacobs,84.0,1.3,1788.0
1788,9421,jacobson,67.0,1.3,1789.0
1789,8600,kapoor,60.0,1.3,1790.0
1790,4290,karp,50.0,1.3,1791.0
1791,1978,kataria,69.0,1.3,1792.0
1792,5493,khorakiwala,75.0,1.3,1793.0
1793,4776,kimmel,90.0,1.3,1794.0
1794,3007,koo,51.0,1.3,1795.0
1795,7014,koo,69.0,1.3,1796.0
1796,2312,kosogov,57.0,1.3,1797.0
1797,3295,lee,55.0,1.3,1798.0
1798,6469,lew,73.0,1.3,1799.0
1799,5900,lewis,63.0,1.3,1800.0
1800,5591,li,54.0,1.3,1801.0
1801,3173,lin,57.0,1.3,1802.0
1802,8566,lin,55.0,1.3,1803.0
1803,8894,lin,55.0,1.3,1804.0
1804,8220,lindh,38.0,1.3,1805.0
1805,2380,liu,65.0,1.3,1806.0
1806,8376,llado fernandez-urrutia,84.0,1.3,1807.0
1807,6222,lu,,1.3,1808.0
1808,8778,macmillan,58.0,1.3,1809.0
1809,4549,macmillan,68.0,1.3,1810.0
1810,9525,macmillan,66.0,1.3,1811.0
1811,3832,macmillan,64.0,1.3,1812.0
1812,3427,martinson,1982.0,1.3,1813.0
1813,3515,newmark,65.0,1.3,1814.0
1814,1846,nordstrom,84.0,1.3,1815.0
1815,5857,péladeau,56.0,1.3,1816.0
1816,9126,penaloza alanis,44.0,1.3,1817.0
1817,9717,pohl,53.0,1.3,1818.0
1818,5216,pohl,58.0,1.3,1819.0
1819,4364,prasad,78.0,1.3,1820.0
1820,1660,rabie,46.0,1.3,1821.0
1821,8084,rinehart,41.0,1.3,1822.0
1822,7894,rinehart,1988.0,1.3,1823.0
1823,4619,rovt,65.0,1.3,1824.0
1824,5123,safra,80.0,1.3,1825.0
1825,6794,sahenk,72.0,1.3,1826.0
1826,9507,schick,,1.3,1827.0
1827,4799,schleifer,65.0,1.3,1828.0
1828,4325,schnabel,72.0,1.3,1829.0
1829,9475,shah,66.0,1.3,1830.0
1830,4880,shao,63.0,1.3,1831.0
1831,7466,shen,47.0,1.3,1832.0
1832,2614,shimamura,92.0,1.3,1833.0
1833,6041,shum,48.0,1.3,1834.0
1834,5421,sohmen,78.0,1.3,1835.0
1835,4557,sun,45.0,1.3,1836.0
1836,6059,sun,68.0,1.3,1837.0
1837,6726,susanto,68.0,1.3,1838.0
1838,8360,tabanca,61.0,1.3,1839.0
1839,1339,tedja,72.0,1.3,1840.0
1840,7541,tisch,90.0,1.3,1841.0
1841,3223,tosyali,54.0,1.3,1842.0
1842,8615,tosyali,52.0,1.3,1843.0
1843,7343,tran dinh,57.0,1.3,1844.0
1844,3871,tsai,68.0,1.3,1845.0
1845,7982,tykac,54.0,1.3,1846.0
1846,5396,ullal,57.0,1.3,1847.0
1847,1983,wan,77.0,1.3,1848.0
1848,3930,wang,67.0,1.3,1849.0
1849,6702,wang,68.0,1.3,1850.0
1850,4810,welker,1987.0,1.3,1851.0
1851,9935,wen,52.0,1.3,1852.0
1852,3867,winn,71.0,1.3,1853.0
1853,4036,wu,83.0,1.3,1854.0
1854,4872,wu,44.0,1.3,1855.0
1855,7092,xu,59.0,1.3,1856.0
1856,3482,yang,,1.3,1857.0
1857,2020,yang,58.0,1.3,1858.0
1858,5813,you,60.0,1.3,1859.0
1859,1522,yu,58.0,1.3,1860.0
1860,2903,yu,52.0,1.3,1861.0
1861,5163,yu,56.0,1.3,1862.0
1862,4737,zan,55.0,1.3,1863.0
1863,8849,zhang,66.0,1.3,1864.0
1864,8541,zhao,51.0,1.3,1865.0
1865,5380,zheng,57.0,1.3,1866.0
1866,8022,al thani,58.0,1.2,1867.0
1867,7231,al-kharafi,,1.2,1868.0
1868,3446,al-kharafi,,1.2,1869.0
1869,6101,andic,64.0,1.2,1870.0
1870,7598,andreessen,46.0,1.2,1871.0
1871,5887,aristrain,55.0,1.2,1872.0
1872,4866,bailey,81.0,1.2,1873.0
1873,5988,banga,67.0,1.2,1874.0
1874,7302,baturina,55.0,1.2,1875.0
1875,1728,belmont anderson,72.0,1.2,1876.0
1876,1898,biernacki,45.0,1.2,1877.0
1877,6592,bino,74.0,1.2,1878.0
1878,9232,blundy,58.0,1.2,1879.0
1879,5808,boholyubov,56.0,1.2,1880.0
1880,5285,brandes,75.0,1.2,1881.0
1881,2135,burman,48.0,1.2,1882.0
1882,2408,cai,49.0,1.2,1883.0
1883,8991,chen,47.0,1.2,1884.0
1884,2104,cheng,1984.0,1.2,1885.0
1885,6317,chiaravanont,66.0,1.2,1886.0
1886,2242,chittilappilly,67.0,1.2,1887.0
1887,1684,chu,61.0,1.2,1888.0
1888,2297,costantini,71.0,1.2,1889.0
1889,4598,daurella,52.0,1.2,1890.0
1890,6950,day,52.0,1.2,1891.0
1891,1147,del pino y calvo-sotelo,55.0,1.2,1892.0
1892,7747,dentressangle,63.0,1.2,1893.0
1893,5059,diethelm,77.0,1.2,1894.0
1894,8463,dixon,59.0,1.2,1895.0
1895,7701,engelhardt,60.0,1.2,1896.0
1896,6847,fang,51.0,1.2,1897.0
1897,5455,fetisov,52.0,1.2,1898.0
1898,4615,foss,74.0,1.2,1899.0
1899,4640,friedland,67.0,1.2,1900.0
1900,4208,friese,77.0,1.2,1901.0
1901,7794,fu,64.0,1.2,1902.0
1902,5001,gertler,44.0,1.2,1903.0
1903,3848,gillings,74.0,1.2,1904.0
1904,1545,graves,1985.0,1.2,1905.0
1905,7550,gu,53.0,1.2,1906.0
1906,7364,harp helu,74.0,1.2,1907.0
1907,7206,heine,63.0,1.2,1908.0
1908,4236,holder,77.0,1.2,1909.0
1909,8720,hong,65.0,1.2,1910.0
1910,7882,hsu,75.0,1.2,1911.0
1911,2329,huang,60.0,1.2,1912.0
1912,9228,hughes,57.0,1.2,1913.0
1913,2685,igel,90.0,1.2,1914.0
1914,1164,james,76.0,1.2,1915.0
1915,4296,jiang,54.0,1.2,1916.0
1916,1977,jiang,54.0,1.2,1917.0
1917,2820,jin,65.0,1.2,1918.0
1918,8118,kalsi,57.0,1.2,1919.0
1919,4670,kellerhals,78.0,1.2,1920.0
1920,6825,king,48.0,1.2,1921.0
1921,9486,kolesnikov,46.0,1.2,1922.0
1922,2702,kothari,71.0,1.2,1923.0
1923,5130,kuriwada,71.0,1.2,1924.0
1924,1779,laliberté,58.0,1.2,1925.0
1925,1466,lee,51.0,1.2,1926.0
1926,8154,lee-chin,67.0,1.2,1927.0
1927,6980,li,54.0,1.2,1928.0
1928,7199,li,53.0,1.2,1929.0
1929,4693,li,67.0,1.2,1930.0
1930,5540,li,50.0,1.2,1931.0
1931,2737,lim,60.0,1.2,1932.0
1932,3036,liu,50.0,1.2,1933.0
1933,7987,liu,67.0,1.2,1934.0
1934,2202,liu,53.0,1.2,1935.0
1935,9673,lo,71.0,1.2,1936.0
1936,1955,lo,88.0,1.2,1937.0
1937,9111,lutke,1982.0,1.2,1938.0
1938,3138,ma,55.0,1.2,1939.0
1939,2717,magomedov,49.0,1.2,1940.0
1940,5474,marcondes penido sant'anna,62.0,1.2,1941.0
1941,7162,matthews,75.0,1.2,1942.0
1942,4005,miller,74.0,1.2,1943.0
1943,7807,molchanov,46.0,1.2,1944.0
1944,9715,ni,62.0,1.2,1945.0
1945,1768,ogawa,69.0,1.2,1946.0
1946,7105,paulsson,76.0,1.2,1947.0
1947,1961,peng,51.0,1.2,1948.0
1948,7471,pierer,61.0,1.2,1949.0
1949,3513,price,65.0,1.2,1950.0
1950,2483,riddell,80.0,1.2,1951.0
1951,2927,rotenberg,61.0,1.2,1952.0
1952,7714,rybakov,46.0,1.2,1953.0
1953,9202,saad,54.0,1.2,1954.0
1954,5156,sahi,72.0,1.2,1955.0
1955,6673,shaimiev,56.0,1.2,1956.0
1956,4857,shaimiev,53.0,1.2,1957.0
1957,9932,shang,50.0,1.2,1958.0
1958,7788,shelkov,50.0,1.2,1959.0
1959,4519,shibulal,63.0,1.2,1960.0
1960,1730,sim,59.0,1.2,1961.0
1961,4180,simanovsky,68.0,1.2,1962.0
1962,9012,singh,77.0,1.2,1963.0
1963,1524,singh,92.0,1.2,1964.0
1964,9736,snow,74.0,1.2,1965.0
1965,7586,snyder,1983.0,1.2,1966.0
1966,1558,storz,81.0,1.2,1967.0
1967,7326,sutanto,92.0,1.2,1968.0
1968,9360,tanaka,41.0,1.2,1969.0
1969,3962,tara,60.0,1.2,1970.0
1970,2345,thirakomen,66.0,1.2,1971.0
1971,3062,tian,64.0,1.2,1972.0
1972,8647,tiriac,79.0,1.2,1973.0
1973,3809,tollefsen,57.0,1.2,1974.0
1974,8748,topbas,74.0,1.2,1975.0
1975,3511,tull,48.0,1.2,1976.0
1976,8134,van lieshout,72.0,1.2,1977.0
1977,7963,wang,1989.0,1.2,1978.0
1978,1584,wang,49.0,1.2,1979.0
1979,4132,wang,61.0,1.2,1980.0
1980,5277,west,75.0,1.2,1981.0
1981,3471,wu,52.0,1.2,1982.0
1982,6198,wu,68.0,1.2,1983.0
1983,1042,xiu,63.0,1.2,1984.0
1984,2793,xu,46.0,1.2,1985.0
1985,7233,xu,48.0,1.2,1986.0
1986,9538,xue,48.0,1.2,1987.0
1987,3361,yakunin,55.0,1.2,1988.0
1988,6039,yan,57.0,1.2,1989.0
1989,2358,yang,57.0,1.2,1990.0
1990,7972,yang,60.0,1.2,1991.0
1991,8299,zhang,50.0,1.2,1992.0
1992,3756,zhang,82.0,1.2,1993.0
1993,8222,zhang,58.0,1.2,1994.0
1994,7837,zhang,48.0,1.2,1995.0
1995,5436,zhang,61.0,1.2,1996.0
1996,9006,zhou,83.0,1.2,1997.0
1997,9462,zhou,53.0,1.2,1998.0
1998,5718,ackman,52.0,1.1,1999.0
1999,6295,adikoesoemo,80.0,1.1,2000.0
2000,3892,agaoglu,64.0,1.1,2001.0
2001,2504,akin,63.0,1.1,2002.0
2002,9914,amin,71.0,1.1,2003.0
2003,8287,aydinlar,61.0,1.1,2004.0
2004,5631,barilla,51.0,1.1,2005.0
2005,6588,barilla,59.0,1.1,2006.0
2006,9315,barilla,58.0,1.1,2007.0
2007,8601,barilla,57.0,1.1,2008.0
2008,2691,basaran,71.0,1.1,2009.0
2009,5534,brown,80.0,1.1,2010.0
2010,4434,bu,,1.1,2011.0
2011,7257,busujima,65.0,1.1,2012.0
2012,9648,cai,45.0,1.1,2013.0
2013,6035,cai,38.0,1.1,2014.0
2014,6738,carballo,65.0,1.1,2015.0
2015,9498,chen,55.0,1.1,2016.0
2016,7308,chen,58.0,1.1,2017.0
2017,8926,chen,54.0,1.1,2018.0
2018,9167,chen,56.0,1.1,2019.0
2019,1071,chiaravanond,,1.1,2020.0
2020,1912,chiaravanond,,1.1,2021.0
2021,2123,chiravanond,,1.1,2022.0
2022,5188,cisneros,73.0,1.1,2023.0
2023,2865,csanyi,65.0,1.1,2024.0
2024,3453,cui,60.0,1.1,2025.0
2025,8768,dang,45.0,1.1,2026.0
2026,3950,desai,65.0,1.1,2027.0
2027,3736,edelman,63.0,1.1,2028.0
2028,8823,egger,,1.1,2029.0
2029,2771,filatov,46.0,1.1,2030.0
2030,2163,fireman,74.0,1.1,2031.0
2031,4712,flowers,60.0,1.1,2032.0
2032,2801,fu,60.0,1.1,2033.0
2033,1850,gautam,86.0,1.1,2034.0
2034,2874,houston,1984.0,1.1,2035.0
2035,5107,huang,51.0,1.1,2036.0
2036,6569,huang,64.0,1.1,2037.0
2037,7284,ibrahim,72.0,1.1,2038.0
2038,3545,ishibashi,71.0,1.1,2039.0
2039,6243,jensen,66.0,1.1,2040.0
2040,5600,kaewbootta,66.0,1.1,2041.0
2041,6813,kamprad,52.0,1.1,2042.0
2042,4198,kamprad,48.0,1.1,2043.0
2043,8638,kamprad,54.0,1.1,2044.0
2044,3169,kapur,,1.1,2045.0
2045,6419,kayne,72.0,1.1,2046.0
2046,2521,kogan,55.0,1.1,2047.0
2047,7824,koh,54.0,1.1,2048.0
2048,3157,koo,66.0,1.1,2049.0
2049,2936,lam,53.0,1.1,2050.0
2050,6231,larian,64.0,1.1,2051.0
2051,6200,laukien,58.0,1.1,2052.0
2052,8196,lee,53.0,1.1,2053.0
2053,1968,lee,47.0,1.1,2054.0
2054,7990,lerner,58.0,1.1,2055.0
2055,6576,lerner,82.0,1.1,2056.0
2056,4587,lerner,56.0,1.1,2057.0
2057,2491,li,45.0,1.1,2058.0
2058,5029,li,53.0,1.1,2059.0
2059,9637,li,53.0,1.1,2060.0
2060,4223,liang,49.0,1.1,2061.0
2061,8278,liang,54.0,1.1,2062.0
2062,4071,liang,86.0,1.1,2063.0
2063,4564,liao,52.0,1.1,2064.0
2064,1024,lindén urnes,47.0,1.1,2065.0
2065,6423,liu,47.0,1.1,2066.0
2066,1509,liu,53.0,1.1,2067.0
2067,3553,lu,49.0,1.1,2068.0
2068,2185,macaulay,72.0,1.1,2069.0
2069,7313,martin,67.0,1.1,2070.0
2070,7661,martin,52.0,1.1,2071.0
2071,6420,mehta,67.0,1.1,2072.0
2072,3801,mishin,46.0,1.1,2073.0
2073,3126,nikolaev,47.0,1.1,2074.0
2074,3409,nixon,50.0,1.1,2075.0
2075,2864,o'leary,57.0,1.1,2076.0
2076,1794,ofer,64.0,1.1,2077.0
2077,3457,ongpin,81.0,1.1,2078.0
2078,8358,osathanugrah,44.0,1.1,2079.0
2079,9691,otto,60.0,1.1,2080.0
2080,5942,packer,52.0,1.1,2081.0
2081,3419,palatchi,68.0,1.1,2082.0
2082,1791,peng,61.0,1.1,2083.0
2083,2967,peng,45.0,1.1,2084.0
2084,4120,rappoport,55.0,1.1,2085.0
2085,6320,reimann-ciardelli,61.0,1.1,2086.0
2086,8122,rotenberg,45.0,1.1,2087.0
2087,8054,rydge,66.0,1.1,2088.0
2088,8888,sacca,43.0,1.1,2089.0
2089,8517,samwer,43.0,1.1,2090.0
2090,9366,samwer,47.0,1.1,2091.0
2091,7476,samwer,44.0,1.1,2092.0
2092,2276,shen,50.0,1.1,2093.0
2093,5227,shigaboutdinov,65.0,1.1,2094.0
2094,8835,shin,64.0,1.1,2095.0
2095,1683,shinohara,83.0,1.1,2096.0
2096,5740,singh,64.0,1.1,2097.0
2097,1479,smith,67.0,1.1,2098.0
2098,1198,steinhardt,77.0,1.1,2099.0
2099,9725,stole,55.0,1.1,2100.0
2100,4182,sulteev,64.0,1.1,2101.0
2101,1411,supervielle,61.0,1.1,2102.0
2102,2548,tan,40.0,1.1,2103.0
2103,1516,tanoesoedibjo,52.0,1.1,2104.0
2104,5420,tanoto,68.0,1.1,2105.0
2105,4073,tiong,83.0,1.1,2106.0
2106,2664,tisch,67.0,1.1,2107.0
2107,9773,tisch,69.0,1.1,2108.0
2108,7995,truchard,74.0,1.1,2109.0
2109,3760,vardinoyannis & family,85.0,1.1,2110.0
2110,2731,vargi,70.0,1.1,2111.0
2111,7430,wan,52.0,1.1,2112.0
2112,8719,wang,61.0,1.1,2113.0
2113,2556,wang,74.0,1.1,2114.0
2114,4512,wen,56.0,1.1,2115.0
2115,2590,wentz,78.0,1.1,2116.0
2116,8723,xia,56.0,1.1,2117.0
2117,2394,xie,,1.1,2118.0
2118,9878,yao,42.0,1.1,2119.0
2119,2725,yazici,45.0,1.1,2120.0
2120,8737,zhang,49.0,1.1,2121.0
2121,2165,zhao,51.0,1.1,2122.0
2122,2934,zhou,61.0,1.1,2123.0
2123,9125,agrawal,61.0,1.0,2124.0
2124,4813,billi,60.0,1.0,2125.0
2125,6666,blakely,47.0,1.0,2126.0
2126,2389,bodharamik,45.0,1.0,2127.0
2127,9891,cao,56.0,1.0,2128.0
2128,1005,chang,86.0,1.0,2129.0
2129,9519,chang,71.0,1.0,2130.0
2130,4360,chen,62.0,1.0,2131.0
2131,6135,cho,80.0,1.0,2132.0
2132,2553,chouinard,79.0,1.0,2133.0
2133,2952,chukhlebov,54.0,1.0,2134.0
2134,8170,cockwell,77.0,1.0,2135.0
2135,8547,collison,1992.0,1.0,2136.0
2136,3787,collison,1990.0,1.0,2137.0
2137,3272,davis,67.0,1.0,2138.0
2138,5080,feuillet,69.0,1.0,2139.0
2139,1704,fujita,45.0,1.0,2140.0
2140,6454,galchev,55.0,1.0,2141.0
2141,8361,gushchin,73.0,1.0,2142.0
2142,5666,hall,66.0,1.0,2143.0
2143,1189,he,53.0,1.0,2144.0
2144,9313,hon,63.0,1.0,2145.0
2145,8232,horn,74.0,1.0,2146.0
2146,5318,huang,64.0,1.0,2147.0
2147,3490,huang,56.0,1.0,2148.0
2148,4394,ishihara,69.0,1.0,2149.0
2149,5736,jain,56.0,1.0,2150.0
2150,7646,jiang,56.0,1.0,2151.0
2151,2150,jiang,48.0,1.0,2152.0
2152,9226,kabiller,54.0,1.0,2153.0
2153,7515,kahn,88.0,1.0,2154.0
2154,3538,kathrein,1986.0,1.0,2155.0
2155,3149,kim,38.0,1.0,2156.0
2156,2047,kim,54.0,1.0,2157.0
2157,8697,kolomoyskyy,55.0,1.0,2158.0
2158,3548,koo,59.0,1.0,2159.0
2159,9189,kudryashkin,56.0,1.0,2160.0
2160,8425,kvetnoi,52.0,1.0,2161.0
2161,5273,leonsis,62.0,1.0,2162.0
2162,7670,leviev,62.0,1.0,2163.0
2163,1345,liang,53.0,1.0,2164.0
2164,5172,liew,50.0,1.0,2165.0
2165,5769,little,70.0,1.0,2166.0
2166,8318,liu,64.0,1.0,2167.0
2167,9783,liu,53.0,1.0,2168.0
2168,8382,liu,54.0,1.0,2169.0
2169,3352,lu,47.0,1.0,2170.0
2170,7143,macmillan,80.0,1.0,2171.0
2171,6499,marcus,76.0,1.0,2172.0
2172,4256,matte,62.0,1.0,2173.0
2173,1192,matte,72.0,1.0,2174.0
2174,8750,mi,60.0,1.0,2175.0
2175,4817,milken,69.0,1.0,2176.0
2176,3414,minda,60.0,1.0,2177.0
2177,7608,naughton,79.0,1.0,2178.0
2178,4288,novinsky,55.0,1.0,2179.0
2179,7871,petrov,63.0,1.0,2180.0
2180,6188,rafaelian,51.0,1.0,2181.0
2181,3568,rossy,75.0,1.0,2182.0
2182,3398,schwartz,91.0,1.0,2183.0
2183,6501,selig,80.0,1.0,2184.0
2184,9887,setthasit,64.0,1.0,2185.0
2185,7961,sharp,1984.0,1.0,2186.0
2186,5658,sinha,66.0,1.0,2187.0
2187,6456,stawski,67.0,1.0,2188.0
2188,7391,steinmetz,62.0,1.0,2189.0
2189,6430,stroeer,49.0,1.0,2190.0
2190,7393,sun,54.0,1.0,2191.0
2191,8860,tarascio,73.0,1.0,2192.0
2192,5951,toll,77.0,1.0,2193.0
2193,8066,upatkoon,69.0,1.0,2194.0
2194,7909,vik,63.0,1.0,2195.0
2195,6488,wacker,66.0,1.0,2196.0
2196,5680,wang,55.0,1.0,2197.0
2197,1343,watsa,67.0,1.0,2198.0
2198,6858,weill,85.0,1.0,2199.0
2199,3020,wen,55.0,1.0,2200.0
2200,9501,wu,59.0,1.0,2201.0
2201,7724,yang,49.0,1.0,2202.0
2202,6556,yao,53.0,1.0,2203.0
2203,2065,zhao,51.0,1.0,2204.0
2204,2207,zhou,55.0,1.0,2205.0
2205,3442,zhu,51.0,1.0,2206.0
2206,8144,zhuo,52.0,1.0,2207.0
2207,9807,zorlu,54.0,1.0,2208.0
